group,period,stage,stage label,ratio_to_group,ratio_to_all,abs_frac_dev,abs_frac_dev_all,bin index,xB index,Q2 index,t_abs index,phi index,xBavg,Q2avg,t_abs_avg,phiavg
inbending,Sp18 Inb,contamination_ratio,π0 contam.,131.870373010722,44.26898167937544,130.870373010722,43.26898167937544,1081,,,,,,,,
inbending,Sp18 Inb,contamination_ratio,π0 contam.,54.08360621167169,25.8104385996501,53.08360621167169,24.8104385996501,1080,,,,,,,,
inbending,Sp19 Inb,contamination_ratio,π0 contam.,45.690881235532196,29.131970458798403,44.690881235532196,28.131970458798403,344,,,,,,,,
inbending,Fa18 Inb,contamination_ratio,π0 contam.,36.70756961783892,20.60456521807119,35.70756961783892,19.60456521807119,1209,,,,,,,,
outbending,Sp18 Out,contamination_ratio,π0 contam.,33.84735644524323,32.21964434933657,32.84735644524323,31.21964434933657,360,,,,,,,,
outbending,Sp18 Out,contamination_ratio,π0 contam.,33.32202867431212,22.487207646678232,32.32202867431212,21.487207646678232,743,,,,,,,,
inbending,Sp18 Inb,contamination_ratio,π0 contam.,31.652198534461824,19.84892958181754,30.652198534461824,18.84892958181754,663,,,,,,,,
outbending,Fa18 Out,contamination_ratio,π0 contam.,31.078458278129066,16.64002407912255,30.078458278129066,15.64002407912255,2366,,,,,,,,
inbending,Sp18 Inb,contamination_ratio,π0 contam.,30.363765425284946,41.964349594550754,29.363765425284946,40.964349594550754,776,,,,,,,,
outbending,Sp18 Out,contamination_ratio,π0 contam.,29.150077725342623,25.02553471833502,28.150077725342623,24.02553471833502,314,,,,,,,,
inbending,Sp18 Inb,contamination_ratio,π0 contam.,26.593660081164614,59.317107530483746,25.593660081164614,58.317107530483746,1591,,,,,,,,
inbending,Sp18 Inb,contamination_ratio,π0 contam.,26.34772220652487,22.446265793012078,25.34772220652487,21.446265793012078,1714,,,,,,,,
outbending,Sp18 Out,contamination_ratio,π0 contam.,24.577091172231256,27.282282283931803,23.577091172231256,26.282282283931803,1113,,,,,,,,
inbending,Fa18 Inb,contamination_ratio,π0 contam.,24.405298016990802,18.134184845544915,23.405298016990802,17.134184845544915,1742,,,,,,,,
outbending,Sp18 Out,contamination_ratio,π0 contam.,23.761776713115527,23.761776713115527,22.761776713115527,22.761776713115527,1096,,,,,,,,
inbending,Fa18 Inb,contamination_ratio,π0 contam.,23.503491473762526,16.297037751466153,22.503491473762526,15.297037751466153,1879,,,,,,,,
inbending,Sp18 Inb,contamination_ratio,π0 contam.,23.11462109376397,16.90937467337788,22.11462109376397,15.90937467337788,1812,,,,,,,,
inbending,Fa18 Inb,contamination_ratio,π0 contam.,21.429426788569508,15.676579993837855,20.429426788569508,14.676579993837855,1812,,,,,,,,
inbending,Sp18 Inb,contamination_ratio,π0 contam.,20.25018018608061,26.70155941655842,19.25018018608061,25.70155941655842,632,,,,,,,,
inbending,Sp18 Inb,contamination_ratio,π0 contam.,19.90190585937724,17.070988933985138,18.90190585937724,16.070988933985138,1201,,,,,,,,
inbending,Fa18 Inb,contamination_ratio,π0 contam.,19.66853353166256,14.85128148778394,18.66853353166256,13.85128148778394,1892,,,,,,,,
inbending,Sp19 Inb,contamination_ratio,π0 contam.,19.48609167565954,16.67921799781481,18.48609167565954,15.67921799781481,1284,,,,,,,,
outbending,Sp18 Out,contamination_ratio,π0 contam.,18.708176340115546,36.604874962904766,17.708176340115546,35.604874962904766,1081,,,,,,,,
inbending,Sp18 Inb,contamination_ratio,π0 contam.,18.48997946411421,13.33886811844103,17.48997946411421,12.33886811844103,404,,,,,,,,
inbending,Sp19 Inb,contamination_ratio,π0 contam.,17.74702315269735,11.750826505554823,16.74702315269735,10.750826505554823,410,,,,,,,,
inbending,Sp18 Inb,contamination_ratio,π0 contam.,16.596369205566617,12.531557085853796,15.596369205566617,11.531557085853796,1892,,,,,,,,
outbending,Sp18 Out,contamination_ratio,π0 contam.,16.124932081553773,10.640542693247014,15.124932081553773,9.640542693247014,1824,,,,,,,,
outbending,Sp18 Out,contamination_ratio,π0 contam.,15.928998602374795,11.0280568224572,14.928998602374795,10.0280568224572,771,,,,,,,,
outbending,Sp18 Out,contamination_ratio,π0 contam.,15.39472360618424,23.662764596253783,14.39472360618424,22.662764596253783,1099,,,,,,,,
outbending,Fa18 Out,contamination_ratio,π0 contam.,15.086612141338335,7.896772831519729,14.086612141338335,6.896772831519729,2072,,,,,,,,
outbending,Sp18 Out,contamination_ratio,π0 contam.,14.804929801902892,18.691689014839383,13.804929801902892,17.691689014839383,802,,,,,,,,
outbending,Sp18 Out,contamination_ratio,π0 contam.,14.727417672239612,14.727417672239612,13.727417672239612,13.727417672239612,317,,,,,,,,
inbending,Sp18 Inb,contamination_ratio,π0 contam.,14.437485161329068,10.274680173050445,13.437485161329068,9.274680173050445,724,,,,,,,,
inbending,Sp18 Inb,contamination_ratio,π0 contam.,14.177936520160225,11.591388042029596,13.177936520160225,10.591388042029596,2562,,,,,,,,
inbending,Sp18 Inb,acceptance_corrected_over_lumi,acc.-corr. / L,13.767733712917206,9.492667801650645,12.767733712917206,8.492667801650645,2642,,,,,,,,
inbending,Sp18 Inb,cross_section,cross section,13.767733706689354,9.492667795442074,12.767733706689354,8.492667795442074,2642,,,,,,,,
inbending,Sp18 Inb,normed_cross_section,normed xsec,13.767733706689354,9.492667795442074,12.767733706689354,8.492667795442074,2642,,,,,,,,
inbending,Sp18 Inb,contamination_ratio,π0 contam.,13.705496223086488,12.716361137496337,12.705496223086488,11.716361137496337,1827,,,,,,,,
inbending,Sp18 Inb,contamination_ratio,π0 contam.,13.694539958958254,12.262307873495192,12.694539958958254,11.262307873495192,1813,,,,,,,,
outbending,Sp18 Out,contamination_ratio,π0 contam.,13.245132391498586,13.245132391498586,12.245132391498586,12.245132391498586,625,,,,,,,,
outbending,Sp18 Out,contamination_ratio,π0 contam.,13.193315362504823,15.977177830038539,12.193315362504823,14.977177830038539,1102,,,,,,,,
inbending,Sp18 Inb,contamination_ratio,π0 contam.,12.61398363305563,4.591969586405339,11.61398363305563,3.591969586405339,624,,,,,,,,
inbending,Fa18 Inb,contamination_ratio,π0 contam.,12.597355420016955,7.899736265612157,11.597355420016955,6.899736265612157,663,,,,,,,,
outbending,Sp18 Out,contamination_ratio,π0 contam.,12.55991506258796,73.71733982588704,11.55991506258796,72.71733982588704,615,,,,,,,,
inbending,Sp18 Inb,contamination_ratio,π0 contam.,12.401599413252828,20.79304010891125,11.401599413252828,19.79304010891125,1824,,,,,,,,
outbending,Sp18 Out,normalized_raw_eppi0,eff. corr. raw epπ0 / L,12.371112665654708,5.983385577258245,11.371112665654708,4.983385577258245,315,,,,,,,,
outbending,Sp18 Out,normalized_raw_eppi0,eff. corr. raw epπ0 / L,12.371112665654708,3.6166247166154664,11.371112665654708,2.6166247166154664,2216,,,,,,,,
outbending,Sp18 Out,contamination_ratio,π0 contam.,12.203866288403296,11.719398681622364,11.203866288403296,10.719398681622364,1611,,,,,,,,
outbending,Sp18 Out,contamination_ratio,π0 contam.,11.83631527531328,10.788192187380755,10.83631527531328,9.788192187380755,1633,,,,,,,,
inbending,Sp18 Inb,contamination_ratio,π0 contam.,11.637045965678633,8.08281793400803,10.637045965678633,7.08281793400803,1223,,,,,,,,
inbending,Sp18 Inb,contamination_ratio,π0 contam.,11.545770889086857,8.327875009732708,10.545770889086857,7.327875009732708,1674,,,,,,,,
outbending,Sp18 Out,contamination_ratio,π0 contam.,11.461903302116607,24.324325878049596,10.461903302116607,23.324325878049596,1200,,,,,,,,
outbending,Sp18 Out,contamination_ratio,π0 contam.,11.08317083842841,10.62168323820886,10.08317083842841,9.62168323820886,1132,,,,,,,,
outbending,Fa18 Out,contamination_ratio,π0 contam.,11.024956861580167,4.175894768620945,10.024956861580167,3.175894768620945,2518,,,,,,,,
outbending,Sp18 Out,contamination_ratio,π0 contam.,11.015307541193069,8.767419238536478,10.015307541193069,7.767419238536478,1833,,,,,,,,
outbending,Sp18 Out,contamination_ratio,π0 contam.,10.982552032085842,12.019701955903829,9.982552032085842,11.019701955903829,1584,,,,,,,,
inbending,Sp19 Inb,contamination_ratio,π0 contam.,10.930755388098506,5.21650848665904,9.930755388098506,4.21650848665904,1080,,,,,,,,
inbending,Sp19 Inb,contamination_ratio,π0 contam.,10.699943299775033,8.841723009722351,9.699943299775033,7.841723009722351,1832,,,,,,,,
inbending,Fa18 Inb,contamination_ratio,π0 contam.,10.675143497801054,6.283620385741845,9.675143497801054,5.283620385741845,1198,,,,,,,,
inbending,Sp18 Inb,contamination_ratio,π0 contam.,10.610586644263218,7.900372893653833,9.610586644263218,6.900372893653833,1079,,,,,,,,
outbending,Sp18 Out,contamination_ratio,π0 contam.,10.561023811015424,12.12268039214735,9.561023811015424,11.12268039214735,1994,,,,,,,,
outbending,Sp18 Out,contamination_ratio,π0 contam.,10.447783510282575,35.99466788773078,9.447783510282575,34.99466788773078,1812,,,,,,,,
inbending,Sp18 Inb,contamination_ratio,π0 contam.,10.373087009275713,11.212508548290758,9.373087009275713,10.212508548290758,2205,,,,,,,,
inbending,Sp18 Inb,contamination_ratio,π0 contam.,10.360250420346778,6.393506004608839,9.360250420346778,5.393506004608839,1997,,,,,,,,
inbending,Sp18 Inb,contamination_ratio,π0 contam.,10.34975912835246,7.596897498741372,9.34975912835246,6.596897498741372,715,,,,,,,,
outbending,Sp18 Out,normalized_raw_eppi0,eff. corr. raw epπ0 / L,10.338025623672968,6.489063200158421,9.338025623672968,5.489063200158421,1277,,,,,,,,
outbending,Fa18 Out,contamination_ratio,π0 contam.,10.27502898585617,5.836209376904792,9.27502898585617,4.836209376904792,2436,,,,,,,,
outbending,Fa18 Out,contamination_ratio,π0 contam.,10.265181182645495,5.459861330091678,9.265181182645495,4.459861330091678,2435,,,,,,,,
inbending,Sp18 Inb,contamination_ratio,π0 contam.,10.18071719152507,7.595286579188801,9.18071719152507,6.595286579188801,1694,,,,,,,,
inbending,Sp18 Inb,contamination_ratio,π0 contam.,10.157070359068697,8.007501241375985,9.157070359068697,7.007501241375985,1711,,,,,,,,
outbending,Sp18 Out,contamination_ratio,π0 contam.,10.070229024872678,9.744013199257456,9.070229024872678,8.744013199257456,1610,,,,,,,,
outbending,Sp18 Out,contamination_ratio,π0 contam.,9.988073237462691,16.655962117740053,8.988073237462691,15.655962117740053,634,,,,,,,,
outbending,Sp18 Out,contamination_ratio,π0 contam.,9.983478719353307,7.793312684242466,8.983478719353307,6.793312684242466,1878,,,,,,,,
outbending,Sp18 Out,contamination_ratio,π0 contam.,9.954135661589666,13.65318152558731,8.954135661589666,12.65318152558731,1137,,,,,,,,
outbending,Sp18 Out,contamination_ratio,π0 contam.,9.911645755331966,9.026592651423822,8.911645755331966,8.026592651423822,1133,,,,,,,,
outbending,Fa18 Out,contamination_ratio,π0 contam.,9.78396865608739,3.6955321951911446,8.78396865608739,2.6955321951911446,2151,,,,,,,,
inbending,Sp18 Inb,contamination_ratio,π0 contam.,9.774370632054527,6.470795996163157,8.774370632054527,5.470795996163157,670,,,,,,,,
inbending,Sp18 Inb,contamination_ratio,π0 contam.,9.751230341055035,13.979759078332977,8.751230341055035,12.979759078332977,2308,,,,,,,,
outbending,Sp18 Out,contamination_ratio,π0 contam.,9.71220738184998,9.05125374449345,8.71220738184998,8.05125374449345,1604,,,,,,,,
inbending,Sp18 Inb,contamination_ratio,π0 contam.,9.66608841137089,8.501722116232164,8.66608841137089,7.501722116232164,2269,,,,,,,,
outbending,Sp18 Out,contamination_ratio,π0 contam.,9.662438619106084,10.160036078467522,8.662438619106084,9.160036078467522,2010,,,,,,,,
outbending,Sp18 Out,normalized_raw_eppi0,eff. corr. raw epπ0 / L,9.660600622977432,8.718147717927476,8.660600622977432,7.718147717927476,771,,,,,,,,
outbending,Sp18 Out,contamination_ratio,π0 contam.,9.596615672712367,6.684623015455237,8.596615672712367,5.684623015455237,2492,,,,,,,,
inbending,Sp19 Inb,contamination_ratio,π0 contam.,9.581977597295692,7.358457347976479,8.581977597295692,6.358457347976479,1858,,,,,,,,
outbending,Fa18 Out,contamination_ratio,π0 contam.,9.569210688054948,10.264643045828594,8.569210688054948,9.264643045828594,1285,,,,,,,,
outbending,Sp18 Out,contamination_ratio,π0 contam.,9.533802180387077,18.636167936380577,8.533802180387077,17.636167936380577,1121,,,,,,,,
inbending,Sp18 Inb,contamination_ratio,π0 contam.,9.458175607145492,7.7206452264314835,8.458175607145492,6.7206452264314835,1163,,,,,,,,
inbending,Sp18 Inb,contamination_ratio,π0 contam.,9.428998948509799,20.731522218399242,8.428998948509799,19.731522218399242,1604,,,,,,,,
outbending,Sp18 Out,contamination_ratio,π0 contam.,9.377594072344507,8.585537684541938,8.377594072344507,7.585537684541938,315,,,,,,,,
outbending,Sp18 Out,contamination_ratio,π0 contam.,9.34368749905517,10.620946596156559,8.34368749905517,9.620946596156559,648,,,,,,,,
inbending,Sp18 Inb,contamination_ratio,π0 contam.,9.340704057529367,6.384151348384797,8.340704057529367,5.384151348384797,336,,,,,,,,
inbending,Sp18 Inb,contamination_ratio,π0 contam.,9.264773056899196,16.976791730994798,8.264773056899196,15.976791730994798,1866,,,,,,,,
outbending,Sp18 Out,contamination_ratio,π0 contam.,9.09666605938361,8.39351481893349,8.09666605938361,7.39351481893349,1135,,,,,,,,
outbending,Sp18 Out,contamination_ratio,π0 contam.,8.90881613487006,8.385381976002984,7.90881613487006,7.385381976002984,1098,,,,,,,,
inbending,Sp18 Inb,contamination_ratio,π0 contam.,8.78404684938296,10.086838434086873,7.78404684938296,9.086838434086873,1311,,,,,,,,
outbending,Sp18 Out,contamination_ratio,π0 contam.,8.777115757280452,11.5241435865949,7.777115757280452,10.5241435865949,1578,,,,,,,,
inbending,Sp18 Inb,contamination_ratio,π0 contam.,8.752799512209311,7.946913916950144,7.752799512209311,6.946913916950144,1821,,,,,,,,
outbending,Sp18 Out,contamination_ratio,π0 contam.,8.601643762437106,7.870245491785637,7.6016437624371065,6.870245491785637,1720,,,,,,,,
inbending,Sp19 Inb,contamination_ratio,π0 contam.,8.569988696822458,6.087192387291594,7.569988696822458,5.087192387291594,337,,,,,,,,
outbending,Sp18 Out,contamination_ratio,π0 contam.,8.540398117772755,9.168331464873505,7.540398117772755,8.168331464873505,1672,,,,,,,,
inbending,Sp18 Inb,contamination_ratio,π0 contam.,8.488367706825887,7.328996745890355,7.488367706825887,6.328996745890355,1167,,,,,,,,
outbending,Sp18 Out,contamination_ratio,π0 contam.,8.421251535988567,7.648551277093627,7.421251535988567,6.648551277093627,1606,,,,,,,,
outbending,Sp18 Out,normalized_raw_eppi0,eff. corr. raw epπ0 / L,8.303645892591172,8.303645892591172,7.303645892591172,7.303645892591172,276,,,,,,,,
outbending,Sp18 Out,normalized_raw_eppi0,eff. corr. raw epπ0 / L,8.303361080402198,8.303361080402198,7.303361080402198,7.303361080402198,135,,,,,,,,
outbending,Sp18 Out,normalized_raw_eppi0,eff. corr. raw epπ0 / L,8.303361080402198,6.549303804411808,7.303361080402198,5.549303804411808,1837,,,,,,,,
outbending,Sp18 Out,normalized_raw_eppi0,eff. corr. raw epπ0 / L,8.303361080402198,3.46299325391353,7.303361080402198,2.46299325391353,1283,,,,,,,,
outbending,Sp18 Out,normalized_raw_eppi0,eff. corr. raw epπ0 / L,8.303361080402198,2.492528322491076,7.303361080402198,1.4925283224910761,2152,,,,,,,,
outbending,Sp18 Out,normalized_raw_eppi0,eff. corr. raw epπ0 / L,8.302824324142486,5.517043343098334,7.302824324142486,4.517043343098334,1865,,,,,,,,
outbending,Sp18 Out,contamination_ratio,π0 contam.,8.272297776453753,4.786645320874946,7.272297776453753,3.786645320874946,2410,,,,,,,,
inbending,Sp19 Inb,contamination_ratio,π0 contam.,8.236199247997703,7.123685500099358,7.236199247997703,6.123685500099358,1829,,,,,,,,
outbending,Sp18 Out,contamination_ratio,π0 contam.,8.227289492011364,9.13213529411361,7.227289492011364,8.13213529411361,1117,,,,,,,,
outbending,Sp18 Out,contamination_ratio,π0 contam.,8.074423290543503,7.60769133544294,7.074423290543503,6.60769133544294,1278,,,,,,,,
outbending,Sp18 Out,contamination_ratio,π0 contam.,8.057618258420685,9.43125537855759,7.0576182584206855,8.43125537855759,655,,,,,,,,
outbending,Sp18 Out,contamination_ratio,π0 contam.,7.959327502424895,8.25992651125887,6.959327502424895,7.25992651125887,1677,,,,,,,,
inbending,Fa18 Inb,contamination_ratio,π0 contam.,7.923118611408918,5.392937096333991,6.923118611408918,4.392937096333991,1794,,,,,,,,
inbending,Sp18 Inb,contamination_ratio,π0 contam.,7.920985910741039,4.889075774400578,6.920985910741039,3.8890757744005784,1578,,,,,,,,
inbending,Sp18 Inb,contamination_ratio,π0 contam.,7.820485535851913,6.7568218275002705,6.820485535851913,5.7568218275002705,1117,,,,,,,,
inbending,Sp18 Inb,contamination_ratio,π0 contam.,7.81573114035506,6.515565726091808,6.81573114035506,5.515565726091808,2256,,,,,,,,
outbending,Sp18 Out,contamination_ratio,π0 contam.,7.773442923779039,7.633601620577635,6.773442923779039,6.633601620577635,1076,,,,,,,,
inbending,Sp18 Inb,contamination_ratio,π0 contam.,7.682608258775386,5.671758268592945,6.682608258775386,4.671758268592945,1584,,,,,,,,
inbending,Fa18 Inb,contamination_ratio,π0 contam.,7.657783932715036,6.158725798376809,6.657783932715036,5.158725798376809,1628,,,,,,,,
outbending,Sp18 Out,contamination_ratio,π0 contam.,7.629993486817857,7.109516167464977,6.629993486817857,6.109516167464977,1638,,,,,,,,
inbending,Sp18 Inb,contamination_ratio,π0 contam.,7.576780115672418,7.771896514513355,6.576780115672418,6.771896514513355,2692,,,,,,,,
inbending,Sp18 Inb,contamination_ratio,π0 contam.,7.572179591749956,6.453045357280767,6.572179591749956,5.453045357280767,1207,,,,,,,,
inbending,Fa18 Inb,contamination_ratio,π0 contam.,7.542205696527845,5.878416534826026,6.542205696527845,4.878416534826026,1170,,,,,,,,
inbending,Sp18 Inb,contamination_ratio,π0 contam.,7.518978261433309,6.29540420522711,6.518978261433309,5.29540420522711,1766,,,,,,,,
outbending,Sp18 Out,normalized_raw_eppi0,eff. corr. raw epπ0 / L,7.490948779043462,5.282574237693069,6.490948779043462,4.282574237693069,1290,,,,,,,,
outbending,Sp18 Out,contamination_ratio,π0 contam.,7.471884722041681,7.458110331280245,6.471884722041681,6.458110331280245,1130,,,,,,,,
inbending,Sp19 Inb,contamination_ratio,π0 contam.,7.469896481425312,7.0750000435922376,6.469896481425312,6.0750000435922376,2284,,,,,,,,
outbending,Sp18 Out,contamination_ratio,π0 contam.,7.451520293071902,11.353807950668866,6.451520293071902,10.353807950668866,1152,,,,,,,,
outbending,Sp18 Out,contamination_ratio,π0 contam.,7.449643192435858,6.038012948192623,6.449643192435858,5.038012948192623,2638,,,,,,,,
outbending,Sp18 Out,contamination_ratio,π0 contam.,7.380510969374512,7.011826661180577,6.380510969374512,6.011826661180577,1602,,,,,,,,
inbending,Sp18 Inb,contamination_ratio,π0 contam.,7.357610830148521,5.987332137519667,6.357610830148521,4.987332137519667,2188,,,,,,,,
inbending,Sp18 Inb,contamination_ratio,π0 contam.,7.352405990512459,6.9899758031203145,6.352405990512459,5.9899758031203145,2241,,,,,,,,
inbending,Sp18 Inb,contamination_ratio,π0 contam.,7.312249028638723,6.464825714732358,6.312249028638723,5.464825714732358,2272,,,,,,,,
outbending,Sp18 Out,contamination_ratio,π0 contam.,7.303693742673215,4.25364606536296,6.303693742673215,3.25364606536296,2553,,,,,,,,
inbending,Sp19 Inb,contamination_ratio,π0 contam.,7.296601183238954,4.397476227928535,6.296601183238954,3.397476227928535,716,,,,,,,,
inbending,Fa18 Inb,contamination_ratio,π0 contam.,7.200202255868949,5.030533772121406,6.200202255868949,4.030533772121406,703,,,,,,,,
outbending,Fa18 Out,contamination_ratio,π0 contam.,7.187993794692504,4.3257460083913415,6.187993794692504,3.3257460083913415,1194,,,,,,,,
inbending,Sp18 Inb,contamination_ratio,π0 contam.,7.183201151767983,8.106787158929208,6.183201151767983,7.106787158929208,2449,,,,,,,,
inbending,Sp18 Inb,contamination_ratio,π0 contam.,7.1473972616065105,5.473723932073755,6.1473972616065105,4.473723932073755,702,,,,,,,,
outbending,Sp18 Out,contamination_ratio,π0 contam.,7.13892378770911,6.609880996616194,6.13892378770911,5.609880996616194,1617,,,,,,,,
inbending,Sp18 Inb,contamination_ratio,π0 contam.,7.133483639601046,7.7581695891229545,6.133483639601046,6.7581695891229545,1637,,,,,,,,
inbending,Sp18 Inb,contamination_ratio,π0 contam.,7.131443879771764,6.821257592289179,6.131443879771764,5.821257592289179,788,,,,,,,,
inbending,Sp19 Inb,contamination_ratio,π0 contam.,7.120275237644526,4.910932198967364,6.120275237644526,3.910932198967364,393,,,,,,,,
inbending,Sp19 Inb,raw_eppi0_over_lumi,raw epπ0 / L,7.113765860405054,5.386059153349131,6.113765860405054,4.386059153349131,337,,,,,,,,
outbending,Sp18 Out,contamination_ratio,π0 contam.,7.106223275117043,7.8509077367052855,6.106223275117043,6.8509077367052855,1765,,,,,,,,
outbending,Sp18 Out,contamination_ratio,π0 contam.,7.074439656040589,6.368203628332472,6.074439656040589,5.368203628332472,369,,,,,,,,
outbending,Sp18 Out,normed_cross_section,normed xsec,7.0649355423649025,6.893179136873504,6.0649355423649025,5.893179136873504,2366,,,,,,,,
outbending,Sp18 Out,cross_section,cross section,7.0649355423649025,6.893179136873504,6.0649355423649025,5.893179136873504,2366,,,,,,,,
outbending,Sp18 Out,acceptance_corrected_over_lumi,acc.-corr. / L,7.064935542122583,6.893179137094045,6.064935542122583,5.893179137094045,2366,,,,,,,,
outbending,Sp18 Out,contamination_ratio,π0 contam.,7.050907452486266,33.99847536852745,6.050907452486266,32.99847536852745,1114,,,,,,,,
inbending,Sp19 Inb,contamination_ratio,π0 contam.,7.027163452195428,4.44706918602379,6.027163452195428,3.44706918602379,1349,,,,,,,,
inbending,Sp18 Inb,contamination_ratio,π0 contam.,6.988492521539014,6.4908637748420075,5.988492521539014,5.4908637748420075,1846,,,,,,,,
inbending,Sp18 Inb,contamination_ratio,π0 contam.,6.9552395849716575,5.8182298561296,5.9552395849716575,4.8182298561296,1316,,,,,,,,
outbending,Sp18 Out,contamination_ratio,π0 contam.,6.922342180925036,7.8379788660482745,5.922342180925036,6.8379788660482745,1079,,,,,,,,
inbending,Sp19 Inb,contamination_ratio,π0 contam.,6.917732671095512,6.260244186064845,5.917732671095512,5.260244186064845,408,,,,,,,,
inbending,Sp18 Inb,contamination_ratio,π0 contam.,6.917112783354813,6.664471110280839,5.917112783354813,5.664471110280839,1285,,,,,,,,
outbending,Sp18 Out,contamination_ratio,π0 contam.,6.914109022149564,6.428553165757794,5.914109022149564,5.428553165757794,338,,,,,,,,
outbending,Sp18 Out,contamination_ratio,π0 contam.,6.897757981045265,6.366639797168997,5.897757981045265,5.366639797168997,1116,,,,,,,,
outbending,Sp18 Out,contamination_ratio,π0 contam.,6.8811454757734545,7.527827569282376,5.8811454757734545,6.527827569282376,1134,,,,,,,,
inbending,Sp18 Inb,contamination_ratio,π0 contam.,6.880474772164988,16.520583418782348,5.880474772164988,15.520583418782348,2436,,,,,,,,
outbending,Sp18 Out,contamination_ratio,π0 contam.,6.85622487183056,6.972267992510392,5.85622487183056,5.972267992510392,1140,,,,,,,,
outbending,Fa18 Out,contamination_ratio,π0 contam.,6.844025816222579,2.099024845916859,5.844025816222579,1.0990248459168588,2407,,,,,,,,
outbending,Fa18 Out,contamination_ratio,π0 contam.,6.842178099334061,2.3436488271066707,5.842178099334061,1.3436488271066707,2445,,,,,,,,
inbending,Sp18 Inb,contamination_ratio,π0 contam.,6.837270017713841,15.63517291864521,5.837270017713841,14.63517291864521,1166,,,,,,,,
inbending,Sp18 Inb,contamination_ratio,π0 contam.,6.784459180449793,22.78005474272373,5.784459180449793,21.78005474272373,743,,,,,,,,
outbending,Sp18 Out,contamination_ratio,π0 contam.,6.7751500367746065,34.67585045861509,5.7751500367746065,33.67585045861509,787,,,,,,,,
inbending,Sp18 Inb,contamination_ratio,π0 contam.,6.624964770073952,7.2187636845506775,5.624964770073952,6.2187636845506775,1148,,,,,,,,
inbending,Sp19 Inb,contamination_ratio,π0 contam.,6.609394306733567,4.261586457199444,5.609394306733567,3.261586457199444,405,,,,,,,,
outbending,Sp18 Out,raw_eppi0_over_lumi,raw epπ0 / L,6.566670035819154,3.4989955450259194,5.566670035819154,2.4989955450259194,315,,,,,,,,
outbending,Sp18 Out,raw_eppi0_over_lumi,raw epπ0 / L,6.566670035819154,1.9428420616332622,5.566670035819154,0.9428420616332622,2216,,,,,,,,
outbending,Fa18 Out,contamination_ratio,π0 contam.,6.561584136528863,1.6320863502341727,5.561584136528863,0.6320863502341727,2440,,,,,,,,
outbending,Sp18 Out,contamination_ratio,π0 contam.,6.514323365817066,6.511073538959162,5.514323365817066,5.511073538959162,1126,,,,,,,,
inbending,Sp19 Inb,raw_eppi0_over_lumi,raw epπ0 / L,6.512223276929741,5.077005917592126,5.512223276929741,4.077005917592126,765,,,,,,,,
outbending,Sp18 Out,contamination_ratio,π0 contam.,6.473942553538177,5.978162970496024,5.473942553538177,4.978162970496024,1107,,,,,,,,
inbending,Sp18 Inb,contamination_ratio,π0 contam.,6.473049523935896,8.596958229288543,5.473049523935896,7.596958229288543,1736,,,,,,,,
inbending,Fa18 Inb,contamination_ratio,π0 contam.,6.433196041611655,5.35569769699293,5.433196041611655,4.35569769699293,2259,,,,,,,,
inbending,Sp18 Inb,contamination_ratio,π0 contam.,6.42068707506755,5.0190030221247905,5.42068707506755,4.0190030221247905,711,,,,,,,,
outbending,Fa18 Out,contamination_ratio,π0 contam.,6.382789382353012,2.5277454279391103,5.382789382353012,1.5277454279391103,2603,,,,,,,,
inbending,Sp18 Inb,contamination_ratio,π0 contam.,6.3637198930242045,4.670705452892227,5.3637198930242045,3.6707054528922267,1131,,,,,,,,
inbending,Sp18 Inb,contamination_ratio,π0 contam.,6.346332041644222,15.233225564605432,5.346332041644222,14.233225564605432,1150,,,,,,,,
outbending,Sp18 Out,contamination_ratio,π0 contam.,6.319965033342823,5.336503331061953,5.319965033342823,4.336503331061953,1150,,,,,,,,
inbending,Sp18 Inb,contamination_ratio,π0 contam.,6.308872029455947,4.908700338664219,5.308872029455947,3.908700338664219,1743,,,,,,,,
outbending,Sp18 Out,normalized_raw_eppi0,eff. corr. raw epπ0 / L,6.26981016215491,6.26981016215491,5.26981016215491,5.26981016215491,134,,,,,,,,
outbending,Sp18 Out,normalized_raw_eppi0,eff. corr. raw epπ0 / L,6.26981016215491,1.912226427184597,5.26981016215491,0.912226427184597,2366,,,,,,,,
outbending,Sp18 Out,normalized_raw_eppi0,eff. corr. raw epπ0 / L,6.269773741291073,6.269773741291073,5.269773741291073,5.269773741291073,519,,,,,,,,
inbending,Sp18 Inb,contamination_ratio,π0 contam.,6.209219990408441,9.792337290989938,5.209219990408441,8.792337290989938,1873,,,,,,,,
outbending,Sp18 Out,contamination_ratio,π0 contam.,6.184939711804706,5.455683021674655,5.184939711804706,4.455683021674655,1686,,,,,,,,
outbending,Fa18 Out,contamination_ratio,π0 contam.,6.179282413569735,2.9714160849533995,5.179282413569735,1.9714160849533995,2522,,,,,,,,
inbending,Sp18 Inb,contamination_ratio,π0 contam.,6.170951250598278,5.915029333863381,5.170951250598278,4.915029333863381,803,,,,,,,,
inbending,Sp19 Inb,normalized_raw_eppi0,eff. corr. raw epπ0 / L,6.147495210530798,4.736328913056906,5.147495210530798,3.736328913056906,337,,,,,,,,
outbending,Sp18 Out,contamination_ratio,π0 contam.,6.12789046447634,5.067204039478422,5.12789046447634,4.067204039478422,2177,,,,,,,,
outbending,Sp18 Out,contamination_ratio,π0 contam.,6.114706668995532,4.297780758633249,5.114706668995532,3.297780758633249,2614,,,,,,,,
inbending,Sp18 Inb,contamination_ratio,π0 contam.,6.105158398937075,5.077951285733442,5.105158398937075,4.077951285733442,1882,,,,,,,,
inbending,Sp19 Inb,contamination_ratio,π0 contam.,6.103802277226866,6.301079421992901,5.103802277226866,5.301079421992901,1845,,,,,,,,
outbending,Sp18 Out,contamination_ratio,π0 contam.,6.0630351585992415,22.142920510180073,5.0630351585992415,21.142920510180073,1179,,,,,,,,
inbending,Sp18 Inb,contamination_ratio,π0 contam.,6.054774069779357,4.764004804136314,5.054774069779357,3.764004804136314,760,,,,,,,,
outbending,Fa18 Out,contamination_ratio,π0 contam.,6.051235829000519,3.911857387912588,5.051235829000519,2.911857387912588,2541,,,,,,,,
outbending,Sp18 Out,contamination_ratio,π0 contam.,6.026667573436417,5.4782387161872155,5.026667573436417,4.4782387161872155,1607,,,,,,,,
