beam_energy_MeV,theta_deg,Q2_GeV2,GE,GE_stat,GE_syst,GE_total,beam_energy_GeV,source,normalization_note
1101,0.7625,0.000215,0.99779,0.00098,0.00253,0.0027131715758499314,1.101,"PRad public normalized GE table; JLab PRad data/readme.pdf pp.4-5; Xiong et al., Nature 575, 147 (2019)","Published normalized GE = f(Q2)/n; n=1.0002 (1101 MeV), 0.9983 (2143 MeV)"
1101,0.7875,0.000229,1.0005,0.00103,0.00252,0.00272237029075767,1.101,"PRad public normalized GE table; JLab PRad data/readme.pdf pp.4-5; Xiong et al., Nature 575, 147 (2019)","Published normalized GE = f(Q2)/n; n=1.0002 (1101 MeV), 0.9983 (2143 MeV)"
1101,0.8125,0.000244,1.0004,0.0011,0.00244,0.002676490239100453,1.101,"PRad public normalized GE table; JLab PRad data/readme.pdf pp.4-5; Xiong et al., Nature 575, 147 (2019)","Published normalized GE = f(Q2)/n; n=1.0002 (1101 MeV), 0.9983 (2143 MeV)"
1101,0.8375,0.000259,0.99895,0.00117,0.0026,0.00285112258592997,1.101,"PRad public normalized GE table; JLab PRad data/readme.pdf pp.4-5; Xiong et al., Nature 575, 147 (2019)","Published normalized GE = f(Q2)/n; n=1.0002 (1101 MeV), 0.9983 (2143 MeV)"
1101,0.8625,0.000275,1.0007,0.00125,0.00222,0.002547724474899121,1.101,"PRad public normalized GE table; JLab PRad data/readme.pdf pp.4-5; Xiong et al., Nature 575, 147 (2019)","Published normalized GE = f(Q2)/n; n=1.0002 (1101 MeV), 0.9983 (2143 MeV)"
1101,0.8875,0.000291,1.0004,0.00131,0.00228,0.002629543686649834,1.101,"PRad public normalized GE table; JLab PRad data/readme.pdf pp.4-5; Xiong et al., Nature 575, 147 (2019)","Published normalized GE = f(Q2)/n; n=1.0002 (1101 MeV), 0.9983 (2143 MeV)"
1101,0.92,0.000312,0.99825,0.00111,0.00236,0.0026080069018313582,1.101,"PRad public normalized GE table; JLab PRad data/readme.pdf pp.4-5; Xiong et al., Nature 575, 147 (2019)","Published normalized GE = f(Q2)/n; n=1.0002 (1101 MeV), 0.9983 (2143 MeV)"
1101,0.9575,0.000338,0.99783,0.00124,0.00258,0.002862516375499012,1.101,"PRad public normalized GE table; JLab PRad data/readme.pdf pp.4-5; Xiong et al., Nature 575, 147 (2019)","Published normalized GE = f(Q2)/n; n=1.0002 (1101 MeV), 0.9983 (2143 MeV)"
1101,0.9945,0.000365,0.99942,0.00122,0.00211,0.0024373140954747708,1.101,"PRad public normalized GE table; JLab PRad data/readme.pdf pp.4-5; Xiong et al., Nature 575, 147 (2019)","Published normalized GE = f(Q2)/n; n=1.0002 (1101 MeV), 0.9983 (2143 MeV)"
1101,1.0355,0.000396,0.99846,0.00119,0.00265,0.002904926849337174,1.101,"PRad public normalized GE table; JLab PRad data/readme.pdf pp.4-5; Xiong et al., Nature 575, 147 (2019)","Published normalized GE = f(Q2)/n; n=1.0002 (1101 MeV), 0.9983 (2143 MeV)"
1101,1.081,0.000431,0.99821,0.00117,0.00273,0.002970151511286924,1.101,"PRad public normalized GE table; JLab PRad data/readme.pdf pp.4-5; Xiong et al., Nature 575, 147 (2019)","Published normalized GE = f(Q2)/n; n=1.0002 (1101 MeV), 0.9983 (2143 MeV)"
1101,1.131,0.000472,0.99886,0.00115,0.0022,0.002482438317461282,1.101,"PRad public normalized GE table; JLab PRad data/readme.pdf pp.4-5; Xiong et al., Nature 575, 147 (2019)","Published normalized GE = f(Q2)/n; n=1.0002 (1101 MeV), 0.9983 (2143 MeV)"
1101,1.184,0.000517,0.9967,0.00111,0.00201,0.0022961271741782944,1.101,"PRad public normalized GE table; JLab PRad data/readme.pdf pp.4-5; Xiong et al., Nature 575, 147 (2019)","Published normalized GE = f(Q2)/n; n=1.0002 (1101 MeV), 0.9983 (2143 MeV)"
1101,1.2405,0.000568,1.0007,0.00106,0.00204,0.002298956284925836,1.101,"PRad public normalized GE table; JLab PRad data/readme.pdf pp.4-5; Xiong et al., Nature 575, 147 (2019)","Published normalized GE = f(Q2)/n; n=1.0002 (1101 MeV), 0.9983 (2143 MeV)"
1101,1.304,0.000628,0.99686,0.00102,0.00198,0.0022272853431924704,1.101,"PRad public normalized GE table; JLab PRad data/readme.pdf pp.4-5; Xiong et al., Nature 575, 147 (2019)","Published normalized GE = f(Q2)/n; n=1.0002 (1101 MeV), 0.9983 (2143 MeV)"
1101,1.3775,0.0007,0.99743,0.00101,0.00198,0.0022227235545609356,1.101,"PRad public normalized GE table; JLab PRad data/readme.pdf pp.4-5; Xiong et al., Nature 575, 147 (2019)","Published normalized GE = f(Q2)/n; n=1.0002 (1101 MeV), 0.9983 (2143 MeV)"
1101,1.4655,0.000793,0.99817,0.00101,0.00189,0.0021429419030855688,1.101,"PRad public normalized GE table; JLab PRad data/readme.pdf pp.4-5; Xiong et al., Nature 575, 147 (2019)","Published normalized GE = f(Q2)/n; n=1.0002 (1101 MeV), 0.9983 (2143 MeV)"
1101,1.574,0.000914,0.99724,0.00101,0.00179,0.002055285868194495,1.101,"PRad public normalized GE table; JLab PRad data/readme.pdf pp.4-5; Xiong et al., Nature 575, 147 (2019)","Published normalized GE = f(Q2)/n; n=1.0002 (1101 MeV), 0.9983 (2143 MeV)"
1101,1.7105,0.00108,0.99769,0.001,0.00197,0.002209275899474758,1.101,"PRad public normalized GE table; JLab PRad data/readme.pdf pp.4-5; Xiong et al., Nature 575, 147 (2019)","Published normalized GE = f(Q2)/n; n=1.0002 (1101 MeV), 0.9983 (2143 MeV)"
1101,1.8935,0.001323,0.99609,0.00095,0.00166,0.0019126160095534076,1.101,"PRad public normalized GE table; JLab PRad data/readme.pdf pp.4-5; Xiong et al., Nature 575, 147 (2019)","Published normalized GE = f(Q2)/n; n=1.0002 (1101 MeV), 0.9983 (2143 MeV)"
1101,2.1065,0.001637,0.99374,0.00106,0.00175,0.0020459960899278378,1.101,"PRad public normalized GE table; JLab PRad data/readme.pdf pp.4-5; Xiong et al., Nature 575, 147 (2019)","Published normalized GE = f(Q2)/n; n=1.0002 (1101 MeV), 0.9983 (2143 MeV)"
1101,2.3525,0.002041,0.99544,0.00105,0.00196,0.0022235332243976027,1.101,"PRad public normalized GE table; JLab PRad data/readme.pdf pp.4-5; Xiong et al., Nature 575, 147 (2019)","Published normalized GE = f(Q2)/n; n=1.0002 (1101 MeV), 0.9983 (2143 MeV)"
1101,2.642,0.002574,0.99272,0.00117,0.00174,0.0020967832506007863,1.101,"PRad public normalized GE table; JLab PRad data/readme.pdf pp.4-5; Xiong et al., Nature 575, 147 (2019)","Published normalized GE = f(Q2)/n; n=1.0002 (1101 MeV), 0.9983 (2143 MeV)"
1101,2.942,0.00319,0.99181,0.00137,0.00192,0.002358664876577425,1.101,"PRad public normalized GE table; JLab PRad data/readme.pdf pp.4-5; Xiong et al., Nature 575, 147 (2019)","Published normalized GE = f(Q2)/n; n=1.0002 (1101 MeV), 0.9983 (2143 MeV)"
1101,3.242,0.003873,0.98816,0.00152,0.00205,0.002552038400965001,1.101,"PRad public normalized GE table; JLab PRad data/readme.pdf pp.4-5; Xiong et al., Nature 575, 147 (2019)","Published normalized GE = f(Q2)/n; n=1.0002 (1101 MeV), 0.9983 (2143 MeV)"
1101,3.542,0.004621,0.9868,0.00179,0.00196,0.002654373749116729,1.101,"PRad public normalized GE table; JLab PRad data/readme.pdf pp.4-5; Xiong et al., Nature 575, 147 (2019)","Published normalized GE = f(Q2)/n; n=1.0002 (1101 MeV), 0.9983 (2143 MeV)"
1101,3.842,0.005434,0.98057,0.00202,0.00188,0.0027594927070025027,1.101,"PRad public normalized GE table; JLab PRad data/readme.pdf pp.4-5; Xiong et al., Nature 575, 147 (2019)","Published normalized GE = f(Q2)/n; n=1.0002 (1101 MeV), 0.9983 (2143 MeV)"
1101,4.142,0.006313,0.98012,0.00223,0.00261,0.0034329287787543744,1.101,"PRad public normalized GE table; JLab PRad data/readme.pdf pp.4-5; Xiong et al., Nature 575, 147 (2019)","Published normalized GE = f(Q2)/n; n=1.0002 (1101 MeV), 0.9983 (2143 MeV)"
1101,4.442,0.007257,0.97768,0.00241,0.00175,0.0029783552508053836,1.101,"PRad public normalized GE table; JLab PRad data/readme.pdf pp.4-5; Xiong et al., Nature 575, 147 (2019)","Published normalized GE = f(Q2)/n; n=1.0002 (1101 MeV), 0.9983 (2143 MeV)"
1101,4.742,0.008265,0.97819,0.00259,0.00225,0.003430830803172899,1.101,"PRad public normalized GE table; JLab PRad data/readme.pdf pp.4-5; Xiong et al., Nature 575, 147 (2019)","Published normalized GE = f(Q2)/n; n=1.0002 (1101 MeV), 0.9983 (2143 MeV)"
1101,5.046,0.009353,0.96965,0.00283,0.00243,0.0037301206414806476,1.101,"PRad public normalized GE table; JLab PRad data/readme.pdf pp.4-5; Xiong et al., Nature 575, 147 (2019)","Published normalized GE = f(Q2)/n; n=1.0002 (1101 MeV), 0.9983 (2143 MeV)"
1101,5.6,0.011506,0.96934,0.00262,0.00188,0.003224717041850339,1.101,"PRad public normalized GE table; JLab PRad data/readme.pdf pp.4-5; Xiong et al., Nature 575, 147 (2019)","Published normalized GE = f(Q2)/n; n=1.0002 (1101 MeV), 0.9983 (2143 MeV)"
1101,6.5,0.015468,0.95565,0.0048,0.0025,0.005412023651093923,1.101,"PRad public normalized GE table; JLab PRad data/readme.pdf pp.4-5; Xiong et al., Nature 575, 147 (2019)","Published normalized GE = f(Q2)/n; n=1.0002 (1101 MeV), 0.9983 (2143 MeV)"
2143,0.7075,0.0007,0.99715,0.00073,0.00131,0.0014996666296213969,2.143,"PRad public normalized GE table; JLab PRad data/readme.pdf pp.4-5; Xiong et al., Nature 575, 147 (2019)","Published normalized GE = f(Q2)/n; n=1.0002 (1101 MeV), 0.9983 (2143 MeV)"
2143,0.723,0.000731,0.9984,0.00073,0.00133,0.0015171684151734771,2.143,"PRad public normalized GE table; JLab PRad data/readme.pdf pp.4-5; Xiong et al., Nature 575, 147 (2019)","Published normalized GE = f(Q2)/n; n=1.0002 (1101 MeV), 0.9983 (2143 MeV)"
2143,0.7395,0.000765,0.99844,0.00072,0.00127,0.0014598972566588378,2.143,"PRad public normalized GE table; JLab PRad data/readme.pdf pp.4-5; Xiong et al., Nature 575, 147 (2019)","Published normalized GE = f(Q2)/n; n=1.0002 (1101 MeV), 0.9983 (2143 MeV)"
2143,0.757,0.000801,0.99789,0.00072,0.00119,0.0013908630414242807,2.143,"PRad public normalized GE table; JLab PRad data/readme.pdf pp.4-5; Xiong et al., Nature 575, 147 (2019)","Published normalized GE = f(Q2)/n; n=1.0002 (1101 MeV), 0.9983 (2143 MeV)"
2143,0.7755,0.000841,0.99617,0.00073,0.00124,0.001438923208513922,2.143,"PRad public normalized GE table; JLab PRad data/readme.pdf pp.4-5; Xiong et al., Nature 575, 147 (2019)","Published normalized GE = f(Q2)/n; n=1.0002 (1101 MeV), 0.9983 (2143 MeV)"
2143,0.7955,0.000885,0.99885,0.00073,0.00126,0.001456193668438371,2.143,"PRad public normalized GE table; JLab PRad data/readme.pdf pp.4-5; Xiong et al., Nature 575, 147 (2019)","Published normalized GE = f(Q2)/n; n=1.0002 (1101 MeV), 0.9983 (2143 MeV)"
2143,0.817,0.000934,0.99693,0.00074,0.00129,0.001487178536692888,2.143,"PRad public normalized GE table; JLab PRad data/readme.pdf pp.4-5; Xiong et al., Nature 575, 147 (2019)","Published normalized GE = f(Q2)/n; n=1.0002 (1101 MeV), 0.9983 (2143 MeV)"
2143,0.84,0.000987,0.99657,0.00074,0.00133,0.001522005256232711,2.143,"PRad public normalized GE table; JLab PRad data/readme.pdf pp.4-5; Xiong et al., Nature 575, 147 (2019)","Published normalized GE = f(Q2)/n; n=1.0002 (1101 MeV), 0.9983 (2143 MeV)"
2143,0.8655,0.001048,0.99684,0.00073,0.00123,0.0014303146506975308,2.143,"PRad public normalized GE table; JLab PRad data/readme.pdf pp.4-5; Xiong et al., Nature 575, 147 (2019)","Published normalized GE = f(Q2)/n; n=1.0002 (1101 MeV), 0.9983 (2143 MeV)"
2143,0.8935,0.001116,0.99653,0.00074,0.00123,0.0014354441821262155,2.143,"PRad public normalized GE table; JLab PRad data/readme.pdf pp.4-5; Xiong et al., Nature 575, 147 (2019)","Published normalized GE = f(Q2)/n; n=1.0002 (1101 MeV), 0.9983 (2143 MeV)"
2143,0.924,0.001194,0.99686,0.00074,0.00126,0.0014612323566086266,2.143,"PRad public normalized GE table; JLab PRad data/readme.pdf pp.4-5; Xiong et al., Nature 575, 147 (2019)","Published normalized GE = f(Q2)/n; n=1.0002 (1101 MeV), 0.9983 (2143 MeV)"
2143,0.9575,0.001282,0.99454,0.00073,0.00127,0.0014648549416239139,2.143,"PRad public normalized GE table; JLab PRad data/readme.pdf pp.4-5; Xiong et al., Nature 575, 147 (2019)","Published normalized GE = f(Q2)/n; n=1.0002 (1101 MeV), 0.9983 (2143 MeV)"
2143,0.9945,0.001383,0.99441,0.00072,0.00135,0.0015300000000000001,2.143,"PRad public normalized GE table; JLab PRad data/readme.pdf pp.4-5; Xiong et al., Nature 575, 147 (2019)","Published normalized GE = f(Q2)/n; n=1.0002 (1101 MeV), 0.9983 (2143 MeV)"
2143,1.0355,0.001499,0.99573,0.00072,0.00122,0.0014166156853571824,2.143,"PRad public normalized GE table; JLab PRad data/readme.pdf pp.4-5; Xiong et al., Nature 575, 147 (2019)","Published normalized GE = f(Q2)/n; n=1.0002 (1101 MeV), 0.9983 (2143 MeV)"
2143,1.081,0.001634,0.99464,0.00072,0.00125,0.0014425324953012324,2.143,"PRad public normalized GE table; JLab PRad data/readme.pdf pp.4-5; Xiong et al., Nature 575, 147 (2019)","Published normalized GE = f(Q2)/n; n=1.0002 (1101 MeV), 0.9983 (2143 MeV)"
2143,1.131,0.001789,0.99471,0.00071,0.00142,0.0015876082640248507,2.143,"PRad public normalized GE table; JLab PRad data/readme.pdf pp.4-5; Xiong et al., Nature 575, 147 (2019)","Published normalized GE = f(Q2)/n; n=1.0002 (1101 MeV), 0.9983 (2143 MeV)"
2143,1.184,0.00196,0.99597,0.00071,0.00136,0.0015341773039645712,2.143,"PRad public normalized GE table; JLab PRad data/readme.pdf pp.4-5; Xiong et al., Nature 575, 147 (2019)","Published normalized GE = f(Q2)/n; n=1.0002 (1101 MeV), 0.9983 (2143 MeV)"
2143,1.2405,0.002152,0.994,0.00069,0.0013,0.001471767644704829,2.143,"PRad public normalized GE table; JLab PRad data/readme.pdf pp.4-5; Xiong et al., Nature 575, 147 (2019)","Published normalized GE = f(Q2)/n; n=1.0002 (1101 MeV), 0.9983 (2143 MeV)"
2143,1.304,0.002377,0.99299,0.00069,0.00136,0.0015250245899656831,2.143,"PRad public normalized GE table; JLab PRad data/readme.pdf pp.4-5; Xiong et al., Nature 575, 147 (2019)","Published normalized GE = f(Q2)/n; n=1.0002 (1101 MeV), 0.9983 (2143 MeV)"
2143,1.3775,0.002653,0.99175,0.00069,0.00141,0.0015697770542341355,2.143,"PRad public normalized GE table; JLab PRad data/readme.pdf pp.4-5; Xiong et al., Nature 575, 147 (2019)","Published normalized GE = f(Q2)/n; n=1.0002 (1101 MeV), 0.9983 (2143 MeV)"
2143,1.4655,0.003002,0.99152,0.00067,0.00128,0.0014447491131680962,2.143,"PRad public normalized GE table; JLab PRad data/readme.pdf pp.4-5; Xiong et al., Nature 575, 147 (2019)","Published normalized GE = f(Q2)/n; n=1.0002 (1101 MeV), 0.9983 (2143 MeV)"
2143,1.574,0.003463,0.98992,0.00066,0.00143,0.001574960316960399,2.143,"PRad public normalized GE table; JLab PRad data/readme.pdf pp.4-5; Xiong et al., Nature 575, 147 (2019)","Published normalized GE = f(Q2)/n; n=1.0002 (1101 MeV), 0.9983 (2143 MeV)"
2143,1.7105,0.004089,0.98881,0.00061,0.00142,0.001545477272560163,2.143,"PRad public normalized GE table; JLab PRad data/readme.pdf pp.4-5; Xiong et al., Nature 575, 147 (2019)","Published normalized GE = f(Q2)/n; n=1.0002 (1101 MeV), 0.9983 (2143 MeV)"
2143,1.8935,0.005009,0.9857,0.00059,0.00141,0.0015284632805533799,2.143,"PRad public normalized GE table; JLab PRad data/readme.pdf pp.4-5; Xiong et al., Nature 575, 147 (2019)","Published normalized GE = f(Q2)/n; n=1.0002 (1101 MeV), 0.9983 (2143 MeV)"
2143,2.1065,0.006197,0.983,0.00068,0.00149,0.00163783393541592,2.143,"PRad public normalized GE table; JLab PRad data/readme.pdf pp.4-5; Xiong et al., Nature 575, 147 (2019)","Published normalized GE = f(Q2)/n; n=1.0002 (1101 MeV), 0.9983 (2143 MeV)"
2143,2.3525,0.007726,0.97688,0.00071,0.00155,0.0017048753620133056,2.143,"PRad public normalized GE table; JLab PRad data/readme.pdf pp.4-5; Xiong et al., Nature 575, 147 (2019)","Published normalized GE = f(Q2)/n; n=1.0002 (1101 MeV), 0.9983 (2143 MeV)"
2143,2.642,0.009739,0.97298,0.00082,0.00155,0.0017535392781457733,2.143,"PRad public normalized GE table; JLab PRad data/readme.pdf pp.4-5; Xiong et al., Nature 575, 147 (2019)","Published normalized GE = f(Q2)/n; n=1.0002 (1101 MeV), 0.9983 (2143 MeV)"
2143,2.942,0.012069,0.96599,0.00098,0.00141,0.0017171196813268433,2.143,"PRad public normalized GE table; JLab PRad data/readme.pdf pp.4-5; Xiong et al., Nature 575, 147 (2019)","Published normalized GE = f(Q2)/n; n=1.0002 (1101 MeV), 0.9983 (2143 MeV)"
2143,3.242,0.014646,0.95585,0.00112,0.00146,0.001840108692441835,2.143,"PRad public normalized GE table; JLab PRad data/readme.pdf pp.4-5; Xiong et al., Nature 575, 147 (2019)","Published normalized GE = f(Q2)/n; n=1.0002 (1101 MeV), 0.9983 (2143 MeV)"
2143,3.542,0.017469,0.94881,0.00133,0.00165,0.0021192923347193044,2.143,"PRad public normalized GE table; JLab PRad data/readme.pdf pp.4-5; Xiong et al., Nature 575, 147 (2019)","Published normalized GE = f(Q2)/n; n=1.0002 (1101 MeV), 0.9983 (2143 MeV)"
2143,3.842,0.020537,0.9427,0.00152,0.00217,0.0026493961576178073,2.143,"PRad public normalized GE table; JLab PRad data/readme.pdf pp.4-5; Xiong et al., Nature 575, 147 (2019)","Published normalized GE = f(Q2)/n; n=1.0002 (1101 MeV), 0.9983 (2143 MeV)"
2143,4.142,0.023848,0.93835,0.00169,0.00211,0.002703368269400231,2.143,"PRad public normalized GE table; JLab PRad data/readme.pdf pp.4-5; Xiong et al., Nature 575, 147 (2019)","Published normalized GE = f(Q2)/n; n=1.0002 (1101 MeV), 0.9983 (2143 MeV)"
2143,4.442,0.027401,0.92141,0.00184,0.00248,0.0030880414504990054,2.143,"PRad public normalized GE table; JLab PRad data/readme.pdf pp.4-5; Xiong et al., Nature 575, 147 (2019)","Published normalized GE = f(Q2)/n; n=1.0002 (1101 MeV), 0.9983 (2143 MeV)"
2143,4.742,0.031196,0.91766,0.002,0.00302,0.0036222092705971588,2.143,"PRad public normalized GE table; JLab PRad data/readme.pdf pp.4-5; Xiong et al., Nature 575, 147 (2019)","Published normalized GE = f(Q2)/n; n=1.0002 (1101 MeV), 0.9983 (2143 MeV)"
2143,5.046,0.035285,0.90331,0.00219,0.00319,0.003869392717210286,2.143,"PRad public normalized GE table; JLab PRad data/readme.pdf pp.4-5; Xiong et al., Nature 575, 147 (2019)","Published normalized GE = f(Q2)/n; n=1.0002 (1101 MeV), 0.9983 (2143 MeV)"
2143,5.4,0.040354,0.89625,0.0025,0.0039,0.004632493928760187,2.143,"PRad public normalized GE table; JLab PRad data/readme.pdf pp.4-5; Xiong et al., Nature 575, 147 (2019)","Published normalized GE = f(Q2)/n; n=1.0002 (1101 MeV), 0.9983 (2143 MeV)"
2143,5.8,0.046477,0.88026,0.00362,0.00479,0.006004040306327065,2.143,"PRad public normalized GE table; JLab PRad data/readme.pdf pp.4-5; Xiong et al., Nature 575, 147 (2019)","Published normalized GE = f(Q2)/n; n=1.0002 (1101 MeV), 0.9983 (2143 MeV)"
2143,6.5,0.058188,0.85109,0.00377,0.00547,0.0066433274795090445,2.143,"PRad public normalized GE table; JLab PRad data/readme.pdf pp.4-5; Xiong et al., Nature 575, 147 (2019)","Published normalized GE = f(Q2)/n; n=1.0002 (1101 MeV), 0.9983 (2143 MeV)"
