5032,0.0,0.0,0.0,0.0
5036,169255.79009,87120.75051879883,87500.85513305664,1354.862545490265
5038,379664.98005500005,195930.01300048828,196483.35943603516,3162.27572809346
5039,96867.03217999998,50263.42645263672,49893.18127441406,784.3695659637451
5040,148385.26020999998,76383.00064086914,76693.3081665039,1213.2131546419114
5041,176654.00028000027,91098.05792236328,91024.52885437012,1339.3838291168213
5043,138574.96089999937,71514.8988647461,71416.35571289062,1036.600840330124
5045,140597.76279000007,72564.25305175781,72668.91577148438,1073.8447341918945
5046,388785.14000000106,200909.3319091797,201346.9793701172,2785.4844999313354
5047,16359.827072000131,8484.574188232422,8349.40951538086,126.0967607498169
5051,288649.61416000035,148832.1149597168,149326.84483337402,2050.089569091797
5052,31329.72919999971,16309.023376464844,16265.844055175781,241.55015754699707
5053,52127.291839999845,27070.963989257812,26876.18115234375,373.7377526126802
5116,0.0,0.0,0.0,0.0
5117,0.0,0.0,0.0,0.0
5119,0.0,0.0,0.0,0.0
5120,78469.18920999952,40611.62957763672,40595.7448425293,587.5549654960632
5124,397189.5330600003,205039.4888305664,206008.38232421875,3076.5374393463135
5125,396820.7726960005,204933.3192138672,205041.48065185547,3044.8152055740356
5126,397631.1955999965,205357.24157714844,205841.22100830078,3044.197329521179
5127,0.0,0.0,0.0,0.0
5128,399283.95668000216,133929.76629638672,134091.4132385254,147896.78746891022
5129,167978.50795199908,53148.313705444336,53106.612533569336,68528.84573364258
5130,397792.6317500011,137445.3986968994,137849.3901977539,138877.23678588867
5137,0.0,0.0,0.0,0.0
5138,0.0,0.0,0.0,0.0
5139,140419.10995199904,72354.75244140625,72581.80078125,1070.6285710334778
5153,69118.91758000012,35693.85729980469,35818.93084716797,523.655104637146
5158,0.0,0.0,0.0,0.0
5159,246279.72610399686,103889.93466186523,104479.16018676758,44142.92668914795
5160,174010.3891079994,71545.54183959961,71906.56805419922,34474.544651031494
5162,79813.7513600029,41194.43310546875,41137.248046875,599.4886837005615
5163,0.0,0.0,0.0,0.0
5164,6592.619169999845,3397.9721069335938,3357.2646484375,61.901068687438965
5165,270945.4508849988,112383.55685424805,112464.07864379883,52675.133613586426
5166,402766.97729999386,165447.40380859375,166424.892578125,80601.89627075195
5167,398691.62079999596,166900.37371826172,167769.12420654297,73922.0504989624
5168,203543.41224400047,84233.39645385742,84603.83708190918,39853.02568817139
5169,406886.9081800021,167107.30908203125,167296.84008789062,82347.52862548828
5180,222583.1905299984,94840.73846435547,94548.5433959961,39153.16394805908
5181,0.0,0.0,0.0,0.0
5182,75612.97073399927,32853.22848510742,32679.684997558594,12252.086106300354
5183,327373.1478799954,137076.34771728516,136209.17779541016,62842.19485473633
5190,186396.78595999815,97133.5619354248,96094.44520568848,1052.3617115020752
5191,431956.6088999966,225083.24649047852,224605.61352539062,2557.108582496643
5193,152602.40459999628,79519.25354003906,79422.58465576172,908.9802932739258
5194,0.0,0.0,0.0,0.0
5195,76574.15567999892,39926.297790527344,39608.66621398926,495.85652446746826
5196,412108.5027699955,213670.14080810547,212622.03732299805,2588.141296759248
5197,414492.21925999597,215278.5266494751,214197.32665252686,2635.80252000317
5198,411692.4913150091,213690.41540527344,213308.01446533203,2747.386331319809
5199,412227.8212000057,214427.40625,213801.94229125977,2649.2533960342407
5200,153306.22798999771,79609.61534118652,79566.56312561035,1031.7645769119263
5201,81007.08568000421,42195.77362060547,42190.617248535156,544.8980627059937
5202,412689.45239999704,214621.40380859375,214101.98071289062,2742.2615904808044
5203,414305.9910599906,215713.21520996094,214532.75651550293,2708.8157629966736
5204,400697.8817799948,208126.20518493652,207389.34690856934,2764.1127767562866
5205,90771.3117800001,47310.58949279785,47215.902893066406,598.3806738853455
5206,288598.6557599995,150140.4266357422,149270.67529296875,1939.6565747261047
5208,332956.4825760145,172807.49389648438,172534.33630371094,2240.9251952171326
5211,88950.82551999763,45970.99952697754,46187.31475830078,604.0641846656799
5212,400507.87984529324,207590.92054748535,207432.30142211914,2870.232711017132
5215,0.0,0.0,0.0,0.0
5216,165644.8011000026,85569.44479370117,85278.92599487305,1165.4060424789786
5219,385882.0979600083,199412.46612548828,198992.62814331055,2735.336338043213
5220,350595.9576300029,181583.94039916992,180747.2937927246,2461.4642001912
5221,389903.2682318054,201910.1304321289,200981.59704589844,2703.060607790947
5222,388332.981419988,200707.4175415039,199961.4207458496,2718.858691215515
5223,136871.67114000395,70733.53233337402,70739.74842834473,934.1700170040131
5225,0.0,0.0,0.0,0.0
5229,0.0,0.0,0.0,0.0
5230,385677.4276700076,199369.06280517578,198991.6639404297,2694.1484112739563
5231,392511.4974000007,202819.24996948242,202675.4083404541,2707.191400051117
5232,389980.82380000316,201871.87078857422,201772.94732666016,2720.4947180747986
5233,388346.14471469633,201214.82580566406,200003.48248291016,2692.3672108650208
5234,392375.9897839967,203318.38739013672,202438.5698852539,2698.408558368683
5235,147646.70854999125,76502.69079589844,75978.13317871094,1055.2269115447998
5237,155998.66123500466,80812.73034667969,80491.88061523438,1025.9017724990845
5238,315191.6280099824,163102.30973815918,162599.39555358887,2140.9110416695476
5239,249280.83361800015,129311.0477142334,129158.50897216797,1302.1574549674988
5247,78398.28659999743,40443.01937866211,40398.997497558594,543.1546969413757
5248,401741.0401999876,207927.2655029297,208277.77783203125,2789.6888769567013
5249,403586.5909459777,209064.76876831055,209261.47073364258,2810.991359233856
5250,0.0,0.0,0.0,0.0
5252,248739.69664398953,128304.39147949219,128709.43994140625,2250.4307379722595
5253,91173.86638399959,47162.605529785156,47222.978271484375,603.3744421005249
5257,399906.658889994,206382.98651123047,207740.23583984375,2742.52760887146
5258,399967.2611259818,206603.84490966797,206601.31176757812,3641.649254798889
5259,150999.81989998743,77731.91137695312,78146.01434326172,1375.9930381774902
5261,401689.89052499086,207692.3708190918,207881.0691986084,2847.3223028182983
5262,184254.28560000658,95127.59217834473,95763.76098632812,1342.0086889266968
5300,0.0,0.0,0.0,0.0
5301,0.0,0.0,0.0,0.0
5302,0.0,0.0,0.0,0.0
5303,390527.055629991,201346.38787841797,201166.16036987305,2989.3256616592407
5304,376063.20736000314,193579.0796508789,194140.9418334961,2830.2726192474365
5305,145599.74128999189,74896.27827453613,75326.12602233887,1099.713056564331
5306,373214.26659999415,191423.37045288086,192464.2530822754,3723.1998591423035
5307,44172.34185999632,22730.364807128906,22745.329040527344,436.76951122283936
5310,97098.01497999951,49888.87579345703,50064.79577636719,767.3173894882202
5311,128559.20449002087,66264.28332519531,66037.53247070312,929.898937523365
5315,89998.7050900124,46652.13049316406,46172.55065917969,667.8104820251465
5316,0.0,0.0,0.0,0.0
5317,373598.0926800221,192020.24340820312,193058.53009033203,2810.008816719055
5318,374199.711020004,192939.69598388672,192531.86892700195,2835.4205713272095
5319,379263.97069999576,195031.73663330078,195445.28857421875,2900.7775678634644
5320,186600.4067100063,95883.49755859375,96398.82092285156,1369.7428331375122
5323,24507.161580000073,12604.071899414062,12588.773071289062,185.3585386276245
5324,31133.37200000137,16064.856018066406,16010.686218261719,237.52701091766357
5325,0.0,0.0,0.0,0.0
5333,91527.27794000506,47178.889083862305,47145.16189575195,591.5138444006443
5334,66992.00874998793,34674.14010620117,34659.95617675781,373.0744754076004
5335,13040.146990004927,6737.49755859375,6771.6488037109375,70.69681739807129
5336,8781.580505996943,4556.465576171875,4567.4451904296875,48.89921188354492
5339,88032.88090000302,45574.68096923828,45481.48861694336,524.9431056976318
5340,37238.62250000611,19388.229736328125,19238.269470214844,235.4679298400879
5341,121502.51686000824,62822.611572265625,62409.57879638672,678.1367473602295
5342,116117.37827000394,59719.67810058594,59564.3984375,884.0166025161743
5343,59859.815290004015,30871.03436279297,30664.58123779297,416.1446461677551
5344,152440.04039999098,79977.88522338867,79676.68801879883,717.7935431404039
5345,379590.55522998795,196439.23986816406,195357.50833129883,2644.3608785271645
5346,381441.7632600069,197143.51428222656,196597.12829589844,2725.7422790527344
5347,179006.5160399899,92441.98596191406,92170.40533447266,1302.7521800994873
5349,240445.52943999693,124515.45602416992,123982.19107055664,1680.7199716567993
5351,52497.56524300575,27261.11376953125,26913.079040527344,388.0825262069702
5354,379301.03117997944,196307.11224365234,195402.50341796875,2730.001997947693
5355,170209.2278699875,88078.40954589844,87613.5961303711,1203.1693325042725
5356,376847.45930997655,193667.20733642578,193616.3713684082,3110.5969935655594
5357,376874.5153899938,194166.8235168457,193373.18322753906,3060.621038079262
5358,382812.7792199962,196779.3779296875,196386.0982055664,3171.9724292755127
5359,381920.2008100003,196626.8271484375,196294.92504882812,3185.3496465682983
5360,379021.3002700135,194890.67308044434,194327.9188232422,3046.2241801917553
5361,373889.3379700035,192402.1739807129,191979.3485107422,3068.0835750102997
5362,26530.8230760023,13582.142456054688,13703.41015625,205.6577854156494
5366,393405.15211001784,202062.1233062744,201417.88856506348,3172.280852932483
5367,373672.737299975,191502.29508209229,191113.506401062,3460.9737184736878
5368,327086.45340000466,167372.3406677246,166894.87649536133,3120.5069670677185
5369,94483.90827002004,48381.623474121094,48121.99938964844,860.0463209152222
5370,0.0,0.0,0.0,0.0
5371,0.0,0.0,0.0,0.0
5372,369374.60867001116,188675.42837524414,188555.84970092773,3633.3063459377736
5373,361562.9060299918,185352.69561767578,184093.5196533203,3530.0422129631042
5374,382763.0645399913,196134.55081176758,195204.36282348633,3690.662244516425
5375,389415.0407399982,199060.8468017578,199012.79614257812,3989.7565660476685
5376,290325.1210400015,148373.15869140625,148479.6847229004,2810.6091256141663
5377,0.0,0.0,0.0,0.0
5378,36987.089949999005,19036.25650024414,18770.554595947266,328.9495623111725
5379,388154.22657001764,198968.34869384766,198115.10620117188,3796.312397956848
5380,357921.906809967,183284.29461669922,182883.26998901367,3461.755584716797
5381,372224.58749999106,190320.36517333984,190410.2873840332,3577.829020023346
5382,284980.7067400031,145551.07751464844,145632.83697509766,3018.7218043506145
5383,281844.9420499988,143962.10192871094,143627.18743896484,2667.708249092102
5386,186787.42652001232,95654.08563232422,95609.5405883789,1740.4623560905457
5390,0.0,0.0,0.0,0.0
5391,365195.35439997166,187339.82635498047,186458.45703125,3289.2417764663696
5392,198227.12559001148,101446.34237670898,101194.02049255371,1887.9828872680664
5393,364419.20505400747,186529.19555664062,185497.39498901367,3436.43837302085
5398,40712.335129998624,20765.049438476562,20761.394592285156,388.94321256130934
5400,33997.25759000331,17315.36159515381,17275.12629699707,351.8905029296875
5401,31997.853019990027,16365.206298828125,16341.904602050781,282.85582637786865
5402,0.0,0.0,0.0,0.0
5403,0.0,0.0,0.0,0.0
5404,0.0,0.0,0.0,0.0
5406,180061.04247001559,92079.06689453125,91921.29577636719,1667.3133072853088
5407,416039.0336999893,213406.85037231445,212460.1348876953,4052.7330417633057
5414,0.0,0.0,0.0,0.0
5415,0.0,0.0,0.0,0.0
5416,0.0,0.0,0.0,0.0
5417,0.0,0.0,0.0,0.0
5418,47508.61820001155,18691.954986572266,18474.548538208008,17.087501815520227
5419,35449.70486002043,13923.970199584961,13817.207885742188,8.834263290278614
5423,0.0,0.0,0.0,0.0
5424,264729.1313,143420.91998291016,143506.10577392578,2471.380241394043
5425,269407.838107,145714.94500732422,146205.00158691406,2549.2463359832764
5426,65353.61432799988,35418.69171142578,35422.01965332031,614.1473197937012
5428,140254.5020940001,75743.76647949219,76034.69329833984,1234.2556586265564
5429,247102.2613799998,133973.03741455078,133894.99798583984,2188.193316936493
5430,266984.46196999983,144583.9959716797,144766.0541381836,2388.5112833976746
5431,0.0,0.0,0.0,0.0
5432,266510.69186999975,144327.84197998047,144488.4545288086,2349.3294219970703
5434,0.0,0.0,0.0,0.0
5435,253160.67299999995,137169.82696533203,137492.72338867188,2302.4902572631836
5436,275430.64283000096,148976.6566772461,149448.34399414062,2446.9552273750305
5437,110633.44175399956,59857.95495605469,60140.998474121094,927.6150164604187
5438,239854.3440599991,129550.4273071289,130000.81860351562,2030.1082239151
5439,0.0,0.0,0.0,0.0
5440,267254.99748999905,144394.46911621094,144891.50885009766,2474.5529279708862
5441,265401.3857599986,143797.5595703125,144114.58770751953,2487.8367834091187
5442,266078.7603599983,144191.8178100586,144157.56188964844,2470.2450556755066
5443,27037.907049994916,14881.908203125,14954.277877807617,9.774110078811646
5444,116259.75390799344,64156.31852722168,64410.056869506836,404.12353986501694
5445,267766.1120200027,145023.69921875,145497.3637084961,2355.419985771179
5447,279418.7729700003,151604.27575683594,151907.98693847656,2460.779456615448
5448,315845.7892499985,170979.3745727539,171766.3299560547,2829.5087904930115
5449,260932.83537999913,141094.00024414062,141509.7381591797,2318.846495628357
5450,0.0,0.0,0.0,0.0
5451,222483.89150999952,120217.2670288086,121140.68072509766,2031.420461177826
5452,270359.00913999975,146648.01998901367,146920.56192016602,2410.164182662964
5453,224811.9043000033,121696.58758544922,122068.22393798828,2036.6996116638184
5454,281469.2615840016,152288.47088623047,152882.5780029297,2557.5283234119415
5455,262308.5596399978,142012.7550048828,142768.86404418945,2333.2312066182494
5456,0.0,0.0,0.0,0.0
5457,0.0,0.0,0.0,0.0
5460,238159.30942999665,128909.96118164062,129191.97668457031,2074.3181262016296
5462,0.0,0.0,0.0,0.0
5464,294295.80387199763,159481.86246490479,159140.59967803955,2681.3259506225586
5465,102918.67875999957,55637.82208251953,55888.77734375,904.5772051811218
5466,109837.12592999823,59302.28601074219,59685.27136230469,931.8354778289795
5467,290874.65599999856,157550.79556274414,158034.51708984375,2516.7135214805603
5468,266238.7663100045,144018.5440673828,144271.44436645508,2264.7058041095734
5469,145229.01874999516,78492.67562866211,78821.99658203125,1304.003420829773
5470,97869.24155399855,52913.00018310547,53118.43298339844,872.8534250259399
5471,220110.8156900052,119257.01904296875,119406.34167480469,1996.3034477233887
5472,171899.40945000015,93200.544921875,93128.33056640625,1551.3253388404846
5473,75628.20512000192,40941.00549316406,41144.322692871094,626.3930229134858
5474,269357.15250000264,145601.74507141113,146217.37884521484,2413.5510886386037
5475,268147.6227400005,145061.5526123047,145489.5708618164,2417.475030899048
5476,135106.9837200027,72926.74869918823,73350.90908813477,1178.9696350097656
5478,269412.88752000127,146029.05359649658,145991.53848266602,2420.5294971466064
5479,270594.811630005,147289.17895507812,146553.06970214844,2395.6848459243774
5480,137330.41261000745,74923.89401245117,74324.0404663086,1262.8699350357056
5481,275105.03592999466,149737.5965423584,148903.40348815918,2468.530701160431
5482,268734.71795099974,145814.68061065674,146208.66535949707,2379.046099637635
5483,288938.0570399985,157267.63218688965,156751.46961975098,2509.6753361094743
5485,270627.6900400054,146928.06915283203,146953.64556884766,2375.0488986968994
5486,270743.2168400027,146883.3677368164,146873.35510253906,2456.343427658081
5487,204205.49935000017,111270.79797363281,110497.9183959961,1798.1805505752563
5495,50824.56006000191,27465.027725219727,27766.76756286621,454.0103096961975
5496,2820.2845399994403,1546.6495666503906,1539.9778442382812,34.170369148254395
5497,286259.87516999803,155616.9921875,155291.41055297852,2532.847981452942
5498,124690.76948400028,67621.5560913086,67785.33917236328,1144.8769764900208
5499,268167.94198000245,145777.71411132812,145739.53411865234,2355.3509135246277
5500,288022.46875999495,156556.20611572266,156123.02029418945,2562.2918467521667
5504,0.0,0.0,0.0,0.0
5505,143471.85364999808,77529.68579101562,77059.70233154297,1578.6981291770935
5507,249505.59604760818,134145.35900878906,133743.15283203125,3088.4297037124634
5516,258502.13650000095,138224.19996643066,139038.25774383545,3262.2557010650635
5517,265432.9565200098,141704.88067626953,142387.01879882812,4345.415677070618
5518,95342.23630000278,51007.156341552734,51297.46423339844,1477.6125268936157
5519,0.0,0.0,0.0,0.0
5520,255103.33452999406,137045.91143798828,137018.58642578125,3145.924530029297
5521,0.0,0.0,0.0,0.0
5522,169237.58532999828,90860.1019897461,90944.84423828125,2005.7747330069542
5523,256557.695650002,137721.8549194336,138138.37646484375,3138.9790720939636
5524,163990.80969999917,88172.90625,88302.75451660156,2034.0714139938354
5525,272123.8540199939,140989.75369262695,141308.9500427246,13286.965785980225
5526,259761.3022899963,134123.8324356079,133867.00521850586,13791.360498428345
5527,276730.51128000394,143159.96630859375,143286.16073608398,14251.378644943237
5528,0.0,0.0,0.0,0.0
5530,259289.3067999985,139488.9556274414,139407.48681640625,3244.6916723251343
5532,258291.39634999074,139055.85556030273,138564.79864501953,3142.2169427871704
5533,76645.71275000274,41201.68566894531,41207.12268066406,895.0240964889526
5534,254431.77134000137,136709.84118652344,137011.6841430664,2966.855501651764
5535,281572.5929300003,151181.60455322266,151405.25381469727,3393.7869319180027
5536,216878.46152000315,116428.95349121094,116636.07131958008,2642.2184681892395
5537,265427.1506699901,142426.30792236328,142961.13342285156,3162.8698921203613
5538,277265.38090000115,148845.54711914062,149029.64001464844,3399.2040128707886
5540,267218.18860000186,143817.7080078125,143478.3355102539,3302.3765830993652
5541,231699.4188050069,124330.85791015625,124463.92364501953,2795.0468101501465
5542,0.0,0.0,0.0,0.0
5543,286154.78245999664,153156.8179321289,153865.1801147461,3536.4515800476074
5544,284163.96629998833,152310.30517578125,152997.98138427734,3503.517053604126
5545,73361.8763999939,39690.5009765625,39287.39224243164,911.6788454055786
5546,0.0,0.0,0.0,0.0
5547,258740.4595599845,139020.44299316406,139298.1739501953,3114.9092512130737
5548,287516.9647000171,154465.837890625,154822.80499267578,3553.904597122222
5549,278772.6870400086,149585.8016357422,150005.6563720703,3466.695059776306
5550,259030.53740001097,139132.13995361328,139241.22119140625,3209.9935026168823
5551,258952.91750001162,139002.5795288086,138957.57498168945,3209.557801246643
5552,263403.08751997724,141227.65130615234,141924.7186279297,3289.5232458114624
5554,0.0,0.0,0.0,0.0
5555,261511.66699997336,140304.04583740234,140491.38861083984,3266.7906222343445
5556,290451.4265199974,156402.1450805664,155966.76446533203,3654.3570370674133
5557,276782.774599988,148620.93588256836,148676.67803955078,3420.354112625122
5558,262343.02359999716,140988.9385986328,140708.56619262695,3289.6955251693726
5559,220011.5606799908,118004.30624389648,118426.12145996094,2716.2725744247437
5561,0.0,0.0,0.0,0.0
5562,8076.4770600013435,4385.022277832031,4373.731262207031,102.57134819030762
5564,0.0,0.0,0.0,0.0
5565,0.0,0.0,0.0,0.0
5566,0.0,0.0,0.0,0.0
5567,67815.63470000029,16072.791015625,16060.280059814453,41951.762451171875
5569,283692.73355000466,151954.31030273438,152850.146484375,3531.28609085083
5570,270837.4242500067,145147.99481201172,145821.24005126953,3456.772012233734
5571,141812.09134000167,76161.4603881836,76255.20330810547,1732.2151899337769
5572,98262.87079999968,52742.56652832031,53010.325439453125,1219.5732879638672
5573,292562.2653599866,157140.21838378906,157354.12994384766,3609.2764444351196
5574,253777.26950999722,136551.78875732422,136305.35565185547,3143.1869611740112
5577,257206.29152999446,138156.6131439209,138427.3324356079,3211.808382987976
5578,172815.80898999423,92927.10903930664,92892.54800415039,2153.7193098068237
5586,0.0,0.0,0.0,0.0
5589,0.0,0.0,0.0,0.0
5590,0.0,0.0,0.0,0.0
5591,284111.34200001135,152453.51666259766,152669.46255493164,3486.378318309784
5592,118585.31720000133,63901.37454223633,63778.841400146484,1390.4242105484009
5594,0.0,0.0,0.0,0.0
5595,0.0,0.0,0.0,0.0
5597,0.0,0.0,0.0,0.0
5598,106390.4640599899,57266.36376953125,57135.41278076172,1277.1230821609497
5600,0.0,0.0,0.0,0.0
5601,205124.2492699884,109747.97958374023,110428.45083618164,2393.6453201770782
5602,249892.3929999955,133813.19506835938,134035.60012817383,3077.9204820655286
5603,262064.88158000633,140391.66177368164,140310.2022857666,3341.232588291168
5604,17532.11694000289,9335.599243164062,9453.292114257812,243.5667724609375
5606,267529.4291399978,143752.62385559082,143419.6388092041,3399.4073312431574
5607,46307.88699999452,25106.233459472656,25078.34490966797,591.0124378204346
5610,18601.983945999295,10009.580322265625,9957.872741699219,246.76624584197998
5611,258254.3934709765,138755.21127319336,139201.22331237793,3155.774238586426
5612,285818.650569994,153493.19430541992,154212.59915161133,3422.314932346344
5613,274431.45109999925,147514.54666137695,147868.1928100586,3287.1001115851104
5614,208322.43499999866,111836.40670776367,112524.08053588867,2472.5210676193237
5615,241716.58499999717,129195.12744140625,130065.38195800781,2933.005706310272
5616,271304.9326199889,145864.27487182617,146180.4219970703,3403.423258781433
5617,6773.842899996787,3600.4205322265625,3628.0064086914062,96.09682273864746
5618,35514.31884999573,18931.909118652344,19270.560913085938,392.36711406707764
5619,157189.93145998567,84499.52020263672,84503.8701171875,1957.9785299301147
5620,0.0,0.0,0.0,0.0
5621,44065.04856000841,23713.341430664062,23821.967407226562,556.9199829101562
5623,44317.092539999634,23820.851806640625,23889.52362060547,525.3955612182617
5624,260590.80601597205,140258.5319519043,140072.44604492188,3161.6010122299194
5625,259779.6186400056,139573.05895996094,139608.5477294922,3229.830885887146
5626,260863.40746001154,139913.53411865234,140586.54370117188,3161.034086704254
5627,0.0,0.0,0.0,0.0
5628,274454.2576199956,147255.3045654297,147561.53814697266,3343.500364303589
5629,207647.35420000553,111800.1224975586,111523.1416015625,2563.791485786438
5630,273354.14505998045,146970.72216796875,146997.78134155273,3351.1888909339905
5631,257942.68980000168,138630.2053527832,138903.4298095703,3216.954289034009
5632,266366.82039000466,142956.20013427734,143505.01153564453,3296.204641342163
5633,67008.06815001369,36147.775329589844,36104.64715576172,834.1766004562378
5635,268688.8855899945,144270.19442749023,144422.546875,3330.7313194274902
5637,160427.69438000768,86471.86503601074,86163.81480407715,2022.6468021161854
5638,236288.0516700223,127320.56936645508,127135.4404296875,2936.4023275375366
5639,227245.6351399906,122391.38470458984,121750.00685119629,2807.230405807495
5641,258110.37756998464,138809.39723205566,138743.53228759766,3152.829270267859
5643,74001.89549998939,39793.52606201172,39821.24853515625,862.4490623474121
5644,132803.90004600212,71671.71075439453,71411.43798828125,1585.503342628479
5645,89704.93845000863,48350.567443847656,48269.18615722656,1105.7769441604614
5646,274623.27745999396,147555.1860961914,148113.15649414062,3295.725724697113
5647,273531.8124499954,147146.72875976562,147113.23706054688,3291.5262413024902
5648,259651.14379999787,139904.71856689453,139771.30377197266,3165.3198862075806
5649,259820.04477001727,139786.3035583496,139295.76333618164,3143.5129203796387
5650,20177.185629997402,10885.095947265625,10903.389892578125,244.67357444763184
5651,122303.65277998894,65554.28175354004,66076.36590576172,1549.048014640808
5652,0.0,0.0,0.0,0.0
5654,263801.25689000264,141569.2767944336,142166.62622070312,3275.8919911384583
5655,258953.67130000144,139481.06091308594,139174.9854736328,3163.661047935486
5656,157589.35463000461,84539.86712646484,84692.95837402344,1903.0311126708984
5662,226634.7494999841,121698.70104980469,122003.96020507812,2842.144515991211
5663,259971.48603001237,139900.99481201172,139962.21240234375,3157.9750938415527
5664,270431.0451699905,145157.47500610352,146000.96975708008,3294.039797782898
5665,13574.562669999897,7307.4183349609375,7288.9632568359375,177.56458473205566
5666,286751.05231099203,154004.4616394043,154290.92291259766,3499.3008527755737
6616,30926.30292004347,11384.666374206543,11332.345756530762,8.67294155061245
6618,0.0,0.0,0.0,0.0
6619,563277.42624,293541.7744445801,292573.08615112305,4757.236883163452
6620,648283.6397899995,337833.2476196289,337408.98767089844,5436.405554771423
6631,0.0,0.0,0.0,0.0
6632,0.0,0.0,0.0,0.0
6636,623834.7640499999,323891.0544433594,323485.7176513672,5349.023325920105
6637,267654.47074000025,138874.14874267578,138736.86541748047,2288.7123584747314
6638,152703.21419000113,79043.5151977539,79192.7035522461,1307.5547006130219
6639,174728.94272600254,90666.6708984375,90604.80737304688,1475.9891719818115
6640,557886.421480001,289267.37646484375,289133.6635131836,4780.239947319031
6642,220204.12834000075,114037.27374267578,114436.77160644531,1887.7407550811768
6645,393555.0598499989,204640.8026123047,204091.43359375,3412.55495262146
6647,559143.1863599992,289934.63287353516,289658.4038696289,4756.054334711283
6648,162030.71326000337,83760.76187133789,84071.38473510742,1396.9940231367946
6650,27049.53444000054,14027.398681640625,13955.695129394531,229.54488945007324
6651,380202.2498400016,197158.77124023438,197282.81018066406,3290.64013004303
6652,82972.18131400086,42928.37902832031,43083.903564453125,723.446907043457
6654,105761.91260000132,55094.428649902344,54938.332458496094,881.544017791748
6655,488910.9385300018,254363.115234375,253594.53619384766,4151.564694236964
6656,628169.1840399997,325843.6015625,325391.25439453125,6081.351192474365
6657,569649.4559400026,295994.55310058594,295243.9288330078,4816.040635108948
6658,74636.08519999869,38929.904846191406,38631.12469482422,633.256175994873
6660,540195.6593599999,280797.54766845703,280388.0847167969,4529.453604698181
6661,597645.2000899948,310031.14865112305,310090.7523498535,5099.807319641113
6662,568340.5703599956,294777.65983581543,293927.9920501709,4903.820514384657
6663,388802.7734999936,201901.7628173828,201203.6374206543,3377.1753129865974
6664,487221.6514299996,252572.3943786621,252633.36395263672,4296.575109004974
6665,220738.74187999405,114486.51348876953,114458.12921142578,1981.711067199707
6666,267776.68665999733,138639.92163085938,138258.24639892578,2335.6579060554504
6667,596578.6386700105,309129.4319458008,308700.9176635742,5198.014917373657
6668,555000.6826700009,288287.9387207031,287269.84704589844,4817.242364883423
6669,298411.08479999565,154496.60806274414,154998.74627685547,2594.0589385032654
6670,237721.21591999568,123418.1763305664,123088.3099975586,2045.3022289276123
6672,642577.2311199978,334158.0475463867,333516.0478820801,5455.330945968628
6673,275747.3439199999,143582.17608642578,142606.52224731445,2349.439372062683
6675,621309.3290600087,322740.58239746094,322629.74713134766,5296.644072532654
6676,211974.51231000014,110573.39624023438,109639.09606933594,1773.6709575653076
6677,553699.1553199887,287048.9631347656,287035.9839782715,4680.495059967041
6678,529114.0579800103,274561.29818725586,275147.4617614746,4374.826092762873
6680,443032.77778998576,230175.97888183594,229973.4248046875,3671.589644908905
6682,234866.5464640092,122273.88397216797,121658.16796875,1971.315405368805
6683,627174.6756999977,325670.1036376953,324968.19958496094,5364.1765604019165
6684,335665.184480004,174604.3823852539,173894.5473022461,2862.2440843582153
6685,581798.0911500137,302377.5545196533,301864.45137023926,4946.212905518711
6687,202570.76975999773,105223.27856445312,104991.23724365234,1701.4650506973267
6688,541850.4528099857,280874.1689147949,281259.622467041,4609.954807281494
6689,619193.3124999963,321586.71014404297,321303.967376709,5269.988516807556
6691,605605.9105000049,314665.0641479492,314692.8442993164,5139.505386352539
6692,601943.2143700272,312915.52923583984,312314.58770751953,5142.462389945984
6693,216449.02875001356,112228.1982421875,112178.72821044922,1861.0951051712036
6694,627605.9113999829,326014.46868896484,325712.9086303711,5369.835347175598
6695,321841.7710299939,167247.9140625,166955.791015625,2757.2188653945923
6696,50433.60259999707,26394.013671875,26247.265380859375,431.91449069976807
6697,625489.3500000015,325476.8542480469,324550.1767578125,5334.260052680969
6698,502648.4834399894,261263.68280029297,260568.27954101562,4214.292374610901
6699,146811.16899999976,76340.58560180664,76459.81723022461,1243.7965800762177
6704,578155.1628799848,300057.14239501953,299965.4602661133,4840.2336592674255
6705,623649.7817199975,323773.62481689453,323898.1519165039,5253.755647923797
6706,587547.2600399926,305142.6671142578,304253.6447753906,5019.624378204346
6707,161686.5021199882,83835.62194824219,83930.17779541016,1402.6403110027313
6708,375601.4883299805,194865.05688476562,194500.1216430664,3258.097819328308
6709,444602.4748699963,230582.0502319336,230110.59729003906,3934.8333806991577
6710,499483.98099998385,259110.83233642578,258469.34399414062,4379.812513828278
6711,612672.186498981,318286.671875,317390.2971801758,5336.267883300781
6712,612800.6169150174,317748.96685791016,318192.13415527344,5376.936834812164
6713,509984.5556800179,264715.55725097656,264245.2698364258,4413.708045959473
6714,310648.68437999487,161462.6421508789,160691.8192138672,2671.294632911682
6715,623865.5376699828,323344.4873046875,323692.6742553711,5475.216177940369
6716,562948.8785600066,291200.93087768555,292563.48767089844,4890.951171398163
6717,610925.7295300029,316595.2867126465,316518.9231262207,5319.273234367371
6718,613824.8940599933,318361.3819580078,318263.1788330078,5294.219645023346
6719,232875.8837700002,120891.25866699219,120788.6357421875,2033.5720958709717
6722,0.0,0.0,0.0,0.0
6723,0.0,0.0,0.0,0.0
6724,0.0,0.0,0.0,0.0
6725,0.0,0.0,0.0,0.0
6728,0.0,0.0,0.0,0.0
6729,455097.4425999969,235832.36749267578,235687.91180419922,3964.6510903835297
6730,16335.531299997121,8439.987365722656,8515.156860351562,117.71659564971924
6731,503467.8391799964,261436.45635986328,260771.43420410156,4350.605005741119
6732,202908.50154998526,105178.2271118164,104999.56018066406,1720.0659160614014
6733,593641.6816699766,308657.2756958008,307114.58447265625,5214.295253753662
6734,0.0,0.0,0.0,0.0
6736,595455.0140400231,308538.30865478516,308443.1895751953,5273.70868730545
6737,598718.0646299869,311134.74334716797,310110.3524169922,5283.5966510772705
6738,571994.6685099863,296727.548828125,296751.63555908203,5004.736375808716
6739,533603.7454499975,276637.6753540039,276560.64263916016,4662.97202236671
6740,613784.52229999,318792.70556640625,318151.1005859375,5346.96804523468
6741,651226.7559699789,337817.7664794922,338710.580078125,5736.67133808136
6742,54344.494219981134,28325.778839111328,28160.889526367188,484.43245792388916
6743,587766.6049399972,305164.1971435547,305404.4819946289,5052.997353553772
6744,456003.86501001567,236510.3490600586,236812.31622314453,4051.266580581665
6746,631026.244559966,327457.15936279297,327412.49670410156,5540.825614482164
6747,615370.7882700413,319194.9592895508,319827.5932006836,5376.4668617248535
6748,588254.2013999671,305235.1101074219,305036.5671386719,5129.491300582886
6749,124261.15453998,64511.5947265625,64489.1474609375,1087.766222000122
6750,393578.850660041,204854.98541259766,204503.4012451172,3425.203327178955
6753,165496.6877600029,85796.87040710449,85828.99137878418,1437.7333221435547
6754,81978.48530001193,42741.255615234375,42530.343811035156,737.1456909179688
6755,68951.43759999424,35669.09289550781,35723.6455078125,610.9537439346313
6756,369073.68032401055,191444.95211029053,191462.4715538025,3201.0461111068726
6757,91781.15536999702,47515.49060058594,47411.09637451172,751.3331456184387
6759,324281.06180001795,168299.96160888672,168370.8931274414,2782.115770339966
6760,552954.6085000262,287430.0629272461,286711.92834472656,4739.871857643127
6762,629946.4654699787,327440.98333740234,327149.76306152344,5374.208751678467
6763,30475.331610001624,15935.656127929688,15735.522583007812,254.3041934967041
6764,145282.02584000677,75438.53567504883,75198.35116577148,1226.036992073059
6765,569086.2011999786,295522.8031921387,295548.28399658203,4859.057649612427
6767,590636.3045700341,306824.43615722656,306679.8352050781,4975.6303606033325
6768,552799.0548999608,286475.20782470703,286781.9407348633,4726.107399940491
6769,207853.35821001232,107914.0122680664,107896.74615478516,1757.9739508628845
6775,0.0,0.0,0.0,0.0
6776,0.0,0.0,0.0,0.0
6777,0.0,0.0,0.0,0.0
6778,0.0,0.0,0.0,0.0
6779,479910.593659997,249139.78967285156,248736.80114746094,4257.964961051941
6780,600754.62955001,311958.9599304199,311183.01556396484,5308.326296806335
6781,374815.53269001096,194846.81323242188,194090.0382080078,3325.7645406723022
6783,41202.67491000146,21257.48583984375,21320.166625976562,351.96148014068604
3306,65412.27817,0.0,0.0,65832.3310546875
3307,143041.36982000002,0.0,0.0,143700.06689453125
3315,180455.12877999985,0.0,0.0,181506.443359375
3318,0.0,0.0,0.0,0.0
3319,0.0,0.0,0.0,0.0
3333,99198.28764000011,0.0,0.0,101048.00119018555
3353,19659.355174459983,0.0,0.0,20179.432739257812
3355,0.0,0.0,0.0,0.0
3359,252924.62384999963,0.0,0.0,260473.64526367188
3361,215819.2490199993,0.0,0.0,221944.01348876953
3363,253604.03721999982,0.0,0.0,255287.42944335938
3377,35132.66903260001,0.0,0.0,34800.021392822266
3378,58780.012529999716,0.0,0.0,60020.16296386719
3379,168924.5038300003,0.0,0.0,171610.01232910156
3384,134273.94434999977,0.0,0.0,136447.50732421875
3389,371309.1573699985,0.0,0.0,377230.61584472656
3390,184000.97702999832,0.0,0.0,186508.4705810547
3403,315310.70088000037,0.0,0.0,316863.3806152344
3404,0.0,0.0,0.0,0.0
3405,126259.63816000149,0.0,0.0,127170.9443359375
3406,94958.51890000049,0.0,0.0,95967.35412597656
3407,256674.04077000264,0.0,0.0,258419.4072265625
3408,0.0,0.0,0.0,0.0
3409,100666.62152999965,0.0,0.0,101354.78930664062
3410,3762.1935600000434,0.0,0.0,3665.9078369140625
3411,120350.283799998,0.0,0.0,121229.40985107422
3418,0.0,0.0,0.0,0.0
3421,9725.647729999386,0.0,0.0,9763.136474609375
3422,135474.58774999948,0.0,0.0,136414.21716308594
3429,86823.20455999952,0.0,0.0,89851.34594726562
3431,53875.207719999366,0.0,0.0,55959.216064453125
3432,462365.5763500016,0.0,0.0,478040.21813964844
3433,155942.65868000127,0.0,0.0,161291.14794921875
3434,479453.0390000073,0.0,0.0,494760.14697265625
3435,485210.015820005,0.0,0.0,500479.6096191406
3436,255784.68986000493,0.0,0.0,263888.87854003906
3437,4841.993160000071,0.0,0.0,4712.13818359375
3441,30313.13000000082,0.0,0.0,31229.9404296875
3442,448039.44950000383,0.0,0.0,461793.75048828125
3443,0.0,0.0,0.0,0.0
3449,0.0,0.0,0.0,0.0
3456,0.0,0.0,0.0,0.0
3457,0.0,0.0,0.0,0.0
3459,301441.6792499982,0.0,0.0,311217.68212890625
3460,10757.476825399324,0.0,0.0,11122.363037109375
3461,303928.02449999936,0.0,0.0,313857.0993652344
3462,318730.3381099999,0.0,0.0,329007.5534667969
3463,209562.25270000473,0.0,0.0,216345.888671875
3464,466729.61430544406,0.0,0.0,480977.52978515625
3465,501447.63681999873,0.0,0.0,517992.38537597656
3466,404488.6826299969,0.0,0.0,417542.6315917969
3467,264066.3431800045,0.0,0.0,272650.9384765625
3469,312319.4770200029,0.0,0.0,322565.97052001953
3480,518133.61569999345,0.0,0.0,535886.3719482422
3482,509333.3191000018,0.0,0.0,525731.6464233398
3484,350775.26822000183,0.0,0.0,362363.2741699219
3485,534065.4517000057,0.0,0.0,547398.7309570312
3488,494237.9464000035,0.0,0.0,505697.28967285156
3490,0.0,0.0,0.0,0.0
3492,68830.43074000068,0.0,0.0,70398.87158203125
3493,253110.41490999795,0.0,0.0,259020.33947753906
3499,236823.9963048026,0.0,0.0,237738.580078125
3500,0.0,0.0,0.0,0.0
3501,359113.6067000013,0.0,0.0,362192.5217285156
3505,0.0,0.0,0.0,0.0
3506,399673.84802999906,0.0,0.0,402904.23791503906
3507,398897.2489,0.0,0.0,403001.2850341797
3508,0.0,0.0,0.0,0.0
3512,393201.83294998854,0.0,0.0,397354.13330078125
3513,422121.9632509928,0.0,0.0,427955.67431640625
3517,72599.98317975178,0.0,0.0,73537.63317871094
3518,72210.27708455361,0.0,0.0,73195.48022460938
3519,64876.43754000217,0.0,0.0,65772.88592529297
3520,420539.6400500089,0.0,0.0,426932.2958984375
3521,331228.1042800024,0.0,0.0,335635.61657714844
3522,371931.4428000115,0.0,0.0,377468.82373046875
3526,0.0,0.0,0.0,0.0
3527,0.0,0.0,0.0,0.0
3528,0.0,0.0,0.0,0.0
3529,0.0,0.0,0.0,0.0
3530,0.0,0.0,0.0,0.0
3531,0.0,0.0,0.0,0.0
3532,0.0,0.0,0.0,0.0
3533,0.0,0.0,0.0,0.0
3534,0.0,0.0,0.0,0.0
3535,0.0,0.0,0.0,0.0
3536,0.0,0.0,0.0,0.0
3537,0.0,0.0,0.0,0.0
3538,0.0,0.0,0.0,0.0
3540,0.0,0.0,0.0,0.0
3542,114175.5406299904,0.0,0.0,116912.36645507812
3544,0.0,0.0,0.0,0.0
3545,0.0,0.0,0.0,0.0
3547,0.0,0.0,0.0,0.0
3548,0.0,0.0,0.0,0.0
3698,0.0,0.0,0.0,0.0
3699,91078.05053999275,0.0,0.0,91720.84497070312
3700,69506.00876999646,0.0,0.0,70067.90661621094
3702,337982.0772500187,0.0,0.0,339826.8166503906
3705,11479.38089999929,0.0,0.0,11670.75830078125
3708,11595.192509997636,0.0,0.0,11924.057495117188
3709,0.0,0.0,0.0,0.0
3711,44916.06227999553,0.0,0.0,46051.471923828125
3712,378995.22543079406,0.0,0.0,390030.59814453125
3719,77157.20322999358,0.0,0.0,78313.49951171875
3720,88337.39649999887,0.0,0.0,90182.65295410156
3722,40723.42553000152,0.0,0.0,41738.01867675781
3735,0.0,0.0,0.0,0.0
3736,0.0,0.0,0.0,0.0
3738,324233.3929399885,0.0,0.0,331727.88189697266
3739,57755.22370000556,0.0,0.0,59362.96893310547
3741,18758.895918101072,0.0,0.0,19343.445190429688
3743,0.0,0.0,0.0,0.0
3748,220080.6175399907,0.0,0.0,223989.08032226562
3750,391557.12799998745,0.0,0.0,400335.01232910156
3752,414529.97640002146,0.0,0.0,423097.6763000488
3754,0.0,0.0,0.0,0.0
3756,0.0,0.0,0.0,0.0
3757,0.0,0.0,0.0,0.0
3768,0.0,0.0,0.0,0.0
3770,0.0,0.0,0.0,0.0
3771,71240.04427000135,0.0,0.0,78838.05236816406
3773,0.0,0.0,0.0,0.0
3778,0.0,0.0,0.0,0.0
3779,0.0,0.0,0.0,0.0
3780,0.0,0.0,0.0,0.0
3782,0.0,0.0,0.0,0.0
3783,0.0,0.0,0.0,0.0
3785,0.0,0.0,0.0,0.0
3786,0.0,0.0,0.0,0.0
3788,0.0,0.0,0.0,0.0
3789,311687.82091996446,0.0,0.0,318695.126953125
3790,276949.66957410425,0.0,0.0,283264.7763671875
3791,310722.5253999941,0.0,0.0,318248.76794433594
3793,0.0,0.0,0.0,0.0
3795,89069.81980000809,0.0,0.0,90997.11254882812
3796,204278.04325000942,0.0,0.0,208878.2254638672
3797,216738.85331998765,0.0,0.0,221163.51440429688
3798,395966.4992857538,0.0,0.0,405128.09765625
3799,43010.461599998176,0.0,0.0,44078.762145996094
3800,0.0,0.0,0.0,0.0
3801,168176.5118200034,0.0,0.0,169252.32934570312
3803,394710.9518399909,0.0,0.0,403134.42248535156
3804,55047.580699998885,0.0,0.0,55525.30373954773
3806,63527.1152423881,0.0,0.0,64992.07214355469
3807,310841.9452500269,0.0,0.0,312453.9296875
3808,389547.79659933597,0.0,0.0,392951.47790527344
3809,0.0,0.0,0.0,0.0
3810,0.0,0.0,0.0,0.0
3813,0.0,0.0,0.0,0.0
3814,0.0,0.0,0.0,0.0
3815,0.0,0.0,0.0,0.0
3816,72779.53528000787,0.0,0.0,74590.58032226562
3817,0.0,0.0,0.0,0.0
4003,286864.75847,0.0,0.0,295294.8096923828
4013,390580.5773700001,0.0,0.0,401072.2578125
4014,386549.0077299995,0.0,0.0,397699.73205566406
4015,374054.57609000057,0.0,0.0,383807.63342285156
4016,150585.75410000095,0.0,0.0,155033.798828125
4017,167519.69819999998,0.0,0.0,172237.63903808594
4018,0.0,0.0,0.0,0.0
4021,421733.30270000035,0.0,0.0,432902.9807128906
4022,378947.9977859985,0.0,0.0,388904.5847167969
4025,90715.60881999973,0.0,0.0,93361.25366210938
4026,383069.6071000006,0.0,0.0,393351.80920410156
4028,143692.92382000107,0.0,0.0,147708.91986083984
4030,383803.6904299981,0.0,0.0,394693.7619628906
4032,392388.22486000275,0.0,0.0,403579.548828125
4033,208672.6877300013,0.0,0.0,214810.01196289062
4037,386860.04849999957,0.0,0.0,397284.9366455078
4038,160611.30975999963,0.0,0.0,165670.95874023438
4039,366849.71820000187,0.0,0.0,377258.24353027344
4041,317121.3376999991,0.0,0.0,326189.2698364258
4044,140894.9763000002,0.0,0.0,145074.27709960938
4045,109384.65609999932,0.0,0.0,112504.78588867188
4050,8268.27730000019,0.0,0.0,8478.305908203125
4053,277443.33175000735,0.0,0.0,285678.2424926758
4054,159157.777499998,0.0,0.0,163564.52783203125
4055,174358.84045000002,0.0,0.0,179484.89038085938
4058,389604.1449999921,0.0,0.0,400518.6368408203
4059,0.0,0.0,0.0,0.0
4060,407373.5384800015,0.0,0.0,419151.0740966797
4061,390537.1347763045,0.0,0.0,401672.3349609375
4067,141711.68045000266,0.0,0.0,146173.77807617188
4068,76699.61504000146,0.0,0.0,78918.14306640625
4069,390060.8422399927,0.0,0.0,401319.8649902344
4070,379581.50722998753,0.0,0.0,390212.02014160156
4071,173318.40622999333,0.0,0.0,178680.6778564453
4073,382739.35794999823,0.0,0.0,394050.1281738281
4075,184591.97252000496,0.0,0.0,189698.9063835144
4078,388237.1510799974,0.0,0.0,398747.91455078125
4080,90472.81073999405,0.0,0.0,92806.37622070312
4081,241345.84902999364,0.0,0.0,247994.5428466797
4082,374844.3401000034,0.0,0.0,385511.32470703125
4083,104450.3029000014,43834.82640773058,190.52520464360714,63341.279052734375
4085,40538.76889999956,0.0,0.0,41928.251953125
4088,0.0,0.0,0.0,0.0
4089,391092.0463700015,0.0,0.0,402977.50079345703
4090,127039.67555999942,0.0,0.0,131178.44689941406
4091,395495.7500295639,0.0,0.0,407684.5891113281
4092,386093.58350999467,0.0,0.0,397696.0811767578
4093,32517.410079998896,0.0,0.0,33680.845703125
4094,32817.2635799963,0.0,0.0,33744.3369140625
4095,74638.22737000138,0.0,0.0,76971.03076171875
4096,96238.9841300007,0.0,0.0,99148.8017578125
4097,386592.3583799992,0.0,0.0,398127.6524658203
4099,392685.62498999014,0.0,0.0,403466.67626953125
4100,316756.33999999985,0.0,0.0,325535.21936035156
4103,69716.21213000268,0.0,0.0,71625.8427734375
4104,391733.0745800026,0.0,0.0,403695.587890625
4110,393145.2298399992,0.0,0.0,404420.67919921875
4112,74979.14933999814,0.0,0.0,77256.11669921875
4113,152596.02444000356,0.0,0.0,157238.09106445312
4114,37406.21464999765,0.0,0.0,38476.564208984375
4115,250314.6245552078,0.0,0.0,257991.23999023438
4123,0.0,0.0,0.0,0.0
4139,83100.28289999999,0.0,0.0,85221.216796875
4142,0.0,0.0,0.0,0.0
4143,379529.32751000114,0.0,0.0,390312.51892089844
4144,84128.05207000114,0.0,0.0,86386.50146484375
4145,0.0,0.0,0.0,0.0
4146,0.0,0.0,0.0,0.0
4147,375207.3152000047,0.0,0.0,386407.9792480469
4148,378730.76239999384,0.0,0.0,390490.2840576172
4151,310533.90729998425,0.0,0.0,319403.47314453125
4152,393538.26607000455,0.0,0.0,405155.4854736328
4154,201908.6811999902,0.0,0.0,207752.32836914062
4155,384532.2512699887,0.0,0.0,395690.650390625
4156,390175.3446400091,0.0,0.0,401666.06494140625
4157,381433.06322201714,0.0,0.0,392338.81103515625
4158,262069.06486000866,0.0,0.0,269683.8486328125
4159,0.0,0.0,0.0,0.0
4160,0.0,0.0,0.0,0.0
4161,204438.76297998056,0.0,0.0,210422.423828125
4162,0.0,0.0,0.0,0.0
4163,0.0,0.0,0.0,0.0
4164,154539.91637001187,0.0,0.0,158865.97607421875
4165,385081.7889200039,0.0,0.0,396618.8137207031
4166,389191.6271300055,0.0,0.0,400368.5128173828
4167,197682.15752999112,0.0,0.0,203292.01123046875
4169,389211.05217999965,0.0,0.0,400568.5842285156
4174,148613.02382000908,0.0,0.0,152866.46264648438
4176,0.0,0.0,0.0,0.0
4177,0.0,0.0,0.0,0.0
4180,393239.1373999864,0.0,0.0,404327.0766906738
4181,394156.73845997825,0.0,0.0,405607.5616455078
4182,91031.49347999692,0.0,0.0,94176.2822265625
4184,386352.93147310615,0.0,0.0,397425.349609375
4189,330902.9468199834,0.0,0.0,341002.89453125
4190,268915.8468100056,0.0,0.0,276889.2175292969
4192,210790.67208998278,0.0,0.0,216797.00634765625
4193,261760.38205000013,0.0,0.0,268954.7658691406
4194,26359.173029996455,0.0,0.0,27841.7705078125
4201,84076.2322999984,0.0,0.0,86615.66821289062
4202,132330.09514001012,0.0,0.0,135822.71362304688
4203,391615.92139997706,0.0,0.0,403073.80078125
4204,177723.34507999942,0.0,0.0,183369.29614257812
4206,173324.56500001624,0.0,0.0,178675.78204345703
4208,395450.6746199876,0.0,0.0,407425.2316894531
4209,0.0,0.0,0.0,0.0
4211,386994.981240008,0.0,0.0,398985.0695800781
4213,180190.75802999362,0.0,0.0,186036.14135742188
4218,480536.4444300048,0.0,0.0,507378.41564941406
4219,66020.14714999497,0.0,0.0,67913.669921875
4220,484013.9601999894,0.0,0.0,510650.3721923828
4221,55345.142599999905,0.0,0.0,57471.52478027344
4223,398613.4570299983,0.0,0.0,410623.8935241699
4224,73258.45876000449,0.0,0.0,75614.5966796875
4226,392927.5468999967,0.0,0.0,405125.4938964844
4227,0.0,0.0,0.0,0.0
4229,354024.25846999884,0.0,0.0,364552.8381347656
4243,366198.77064998075,0.0,0.0,377239.2985839844
4244,394023.22779999673,0.0,0.0,405216.7126464844
4245,57429.95888000354,0.0,0.0,59180.02755737305
4246,0.0,0.0,0.0,0.0
4247,21102.301519997418,0.0,0.0,21752.547973632812
4248,11152.614100001752,0.0,0.0,11373.402099609375
4250,404305.3994199857,0.0,0.0,416025.41540527344
4252,0.0,0.0,0.0,0.0
4253,396475.8259000182,0.0,0.0,407320.4826660156
4254,119075.04201998934,0.0,0.0,122424.23229980469
4256,322485.2966200225,0.0,0.0,331846.767578125
4262,66600.21743000299,0.0,0.0,68543.15307617188
4263,10762.325050003827,0.0,0.0,10981.239501953125
4264,101553.15414999425,0.0,0.0,104342.79711914062
4282,0.0,0.0,0.0,0.0
4293,0.0,0.0,0.0,0.0
4309,382512.9231000021,0.0,0.0,393600.6130371094
4311,389135.06515000015,0.0,0.0,399843.98571777344
4312,383079.5496100262,0.0,0.0,394405.5386352539
4313,122462.72341002524,0.0,0.0,125774.68017578125
4314,402414.1084000096,0.0,0.0,413892.9665527344
4315,66294.27388000488,0.0,0.0,68336.107421875
4316,339276.4144700542,0.0,0.0,349055.2067871094
4318,0.0,0.0,0.0,0.0
4320,287781.71670001,0.0,0.0,296302.88342285156
4321,17239.7241999954,0.0,0.0,17760.75537109375
4322,57414.87324998528,0.0,0.0,59203.603271484375
4323,299534.54879998416,0.0,0.0,308284.5256347656
4324,15610.063702501357,0.0,0.0,15427.271362304688
4325,0.0,0.0,0.0,0.0
3255,87828.17699999998,0.0,0.0,84641.51934814453
3254,55631.41554999999,0.0,0.0,53184.71484375
3253,34088.21868999998,0.0,0.0,32994.68029785156
3252,0.0,0.0,0.0,0.0
3249,151267.78070000024,0.0,0.0,143617.45028686523
3266,0.0,0.0,0.0,0.0
3262,95226.42484000011,0.0,0.0,99111.46502685547
3261,0.0,0.0,0.0,0.0
3260,125198.4560799998,0.0,0.0,120834.25708007812
3270,0.0,0.0,0.0,0.0
3269,0.0,0.0,0.0,0.0
3267,101481.00240000035,0.0,0.0,102821.24768066406
3280,132186.0727699995,0.0,0.0,132525.0076904297
3288,166112.2983999981,0.0,0.0,168689.06634521484
3285,97411.27081999928,0.0,0.0,99679.60046386719
3282,0.0,0.0,0.0,0.0
3281,144957.62370000104,0.0,0.0,146975.32299804688
3279,171082.2306299985,0.0,0.0,172231.92022705078
3278,196603.24753999943,0.0,0.0,197224.00036621094
3290,134995.55007999623,0.0,0.0,136381.43090820312
3211,0.0,0.0,0.0,0.0
3293,115332.39450000133,0.0,0.0,116248.79821777344
3289,46133.61720000021,0.0,0.0,46574.61096191406
3222,107432.8207199988,0.0,0.0,108583.00952148438
3219,128407.92089999886,0.0,0.0,122839.89337158203
3218,0.0,0.0,0.0,0.0
3216,0.0,0.0,0.0,0.0
3215,113278.01031999942,0.0,0.0,106921.18139648438
3880,259937.71113000007,0.0,0.0,280149.89404296875
3881,129771.95737000013,0.0,0.0,139746.04052734375
3882,0.0,0.0,0.0,0.0
3913,46793.788500000024,0.0,0.0,50334.84051513672
3915,89796.42003000015,0.0,0.0,97065.95568847656
3916,301211.09634999954,0.0,0.0,325359.6416015625
3917,101660.24427000014,0.0,0.0,109678.09729003906
3919,39883.6550100008,0.0,0.0,43302.174072265625
3874,53094.8861999996,0.0,0.0,57724.61584472656
3875,296750.10304999864,0.0,0.0,320264.8564453125
3876,0.0,0.0,0.0,0.0
3877,0.0,0.0,0.0,0.0
3910,144673.88117000065,0.0,0.0,156288.9415283203
3878,146204.1300000006,0.0,0.0,158925.79370117188
3911,59761.50002000108,0.0,0.0,64855.917236328125
3879,294288.1523600011,0.0,0.0,320399.19006347656
3912,38693.03385999985,0.0,0.0,41728.1796875
3891,267031.77033999935,0.0,0.0,287838.0029296875
3892,0.0,0.0,0.0,0.0
3893,251421.76156,0.0,0.0,271431.54248046875
3924,47303.02052000072,0.0,0.0,51158.268310546875
3925,0.0,0.0,0.0,0.0
3926,34890.40558999963,0.0,0.0,37870.2255859375
3927,0.0,0.0,0.0,0.0
3928,81061.53353000106,0.0,0.0,87549.56689453125
3929,274293.1677799979,0.0,0.0,295703.37951660156
3883,292675.38177000126,0.0,0.0,315983.4432373047
3884,133584.2772800019,0.0,0.0,143988.33361816406
3885,291100.440910005,0.0,0.0,314455.4626464844
3920,66943.45940000191,0.0,0.0,72314.36437988281
3888,292200.73737000115,0.0,0.0,315458.43420410156
3921,265490.7761499975,0.0,0.0,286989.16369628906
3889,293247.54494000133,0.0,0.0,316266.1013183594
3923,179413.68606999796,0.0,0.0,193636.92028808594
3936,55636.152819999494,0.0,0.0,60444.63720703125
3938,233406.16809999943,0.0,0.0,252532.99438476562
3939,30476.45215000026,0.0,0.0,33187.70166015625
3930,89410.14182000048,0.0,0.0,96550.36938476562
3898,40384.08939000033,0.0,0.0,43790.693359375
3899,0.0,0.0,0.0,0.0
3932,285533.5044900011,0.0,0.0,307688.2058105469
3933,240819.59500000533,0.0,0.0,260851.3154296875
3934,275607.6180599993,0.0,0.0,299187.63342285156
3946,280535.72231999785,0.0,0.0,303598.5361328125
3947,275653.4145000009,0.0,0.0,298608.43865966797
3948,268412.11702000163,0.0,0.0,290644.5065917969
3949,73250.25110000186,0.0,0.0,79300.00573730469
3940,272300.33863999695,0.0,0.0,295606.9797363281
3941,289027.8687200006,0.0,0.0,313255.9931640625
3943,305952.34398000315,0.0,0.0,331527.6414794922
3944,291620.3135900032,0.0,0.0,316375.4356689453
3945,133047.02443999797,0.0,0.0,143936.1435546875
3958,0.0,0.0,0.0,0.0
3959,252832.5693000015,0.0,0.0,274346.0889892578
3950,273266.9567000009,0.0,0.0,296849.1818847656
3951,0.0,0.0,0.0,0.0
3953,0.0,0.0,0.0,0.0
3954,279201.5512400009,0.0,0.0,303160.6441040039
3970,16106.15479999967,0.0,0.0,17835.856811523438
3968,0.0,0.0,0.0,0.0
3969,53144.41530000046,0.0,0.0,57761.10461425781
3963,200922.98549999855,0.0,0.0,216681.7608642578
3964,121855.80170999467,0.0,0.0,131611.18774414062
3965,0.0,0.0,0.0,0.0
3967,0.0,0.0,0.0,0.0
3971,0.0,0.0,0.0,0.0
3973,295763.98742000386,0.0,0.0,320224.2518310547
3975,273762.5737500079,0.0,0.0,296730.3538208008
3903,107793.61088000052,0.0,0.0,116179.3237915039
3905,78768.20983999595,0.0,0.0,85140.81323242188
3907,293550.3083799891,0.0,0.0,316719.63844299316
3908,293331.2408299912,0.0,0.0,316819.8502807617
3982,223168.41880000383,0.0,0.0,242015.22424316406
3863,0.0,0.0,0.0,0.0
3864,0.0,0.0,0.0,0.0
3985,292399.6488600075,0.0,0.0,317385.5895996094
3865,0.0,0.0,0.0,0.0
3986,210875.1554899998,0.0,0.0,229530.9727783203
3987,140966.3262000028,0.0,0.0,153319.669921875
3867,0.0,0.0,0.0,0.0