target_label,xBmin,xBmax,Q2min,Q2max,t_abs_min,t_abs_max,n_pass1,n_pass2,fit_ok,A,A_err,B,pass1_fit_chi2,pass1_fit_ndf,pass1_fit_chi2_ndf,pass2_vs_pass1_fit_chi2,pass2_vs_pass1_fit_ndf,pass2_vs_pass1_fit_chi2_ndf,pass2_vs_pass1_fit_pseudo_sigma,output_file
10.6 GeV,0.062,0.09,1,1.2,0.11,0.15,2,3,0,0,0,0,0,0,,0,0,,0,../output/pass2_vs_pass1_model_comparison/pass1_pass2_bsa_comparison/10p6_GeV_average/bsa_001_10p6_GeV_average_xB_0p062_0p09_Q2_1_1p2_t_0p11_0p15.png
10.6 GeV,0.062,0.09,1,1.2,0.15,0.25,8,5,1,0.256488553828,0.0116923094075,0.0942249995125,6.87432764719,6,1.14572127453,14.1915710346,5,2.83831420692,2.90662997446,../output/pass2_vs_pass1_model_comparison/pass1_pass2_bsa_comparison/10p6_GeV_average/bsa_002_10p6_GeV_average_xB_0p062_0p09_Q2_1_1p2_t_0p15_0p25.png
10.6 GeV,0.062,0.09,1,1.2,0.25,0.4,7,6,1,0.186216178109,0.00927844933288,-0.265247379968,11.5588255827,5,2.31176511654,8.06078132906,6,1.34346355484,0.594896327537,../output/pass2_vs_pass1_model_comparison/pass1_pass2_bsa_comparison/10p6_GeV_average/bsa_003_10p6_GeV_average_xB_0p062_0p09_Q2_1_1p2_t_0p25_0p4.png
10.6 GeV,0.062,0.09,1,1.2,0.4,0.6,4,9,1,0.249597800046,0.03043650321,0.759938525901,6.30391220428,2,3.15195610214,30.2590932358,9,3.36212147064,5.01081632963,../output/pass2_vs_pass1_model_comparison/pass1_pass2_bsa_comparison/10p6_GeV_average/bsa_004_10p6_GeV_average_xB_0p062_0p09_Q2_1_1p2_t_0p4_0p6.png
10.6 GeV,0.062,0.09,1,1.2,0.6,0.8,1,11,0,0,0,0,0,0,,0,0,,0,../output/pass2_vs_pass1_model_comparison/pass1_pass2_bsa_comparison/10p6_GeV_average/bsa_005_10p6_GeV_average_xB_0p062_0p09_Q2_1_1p2_t_0p6_0p8.png
10.6 GeV,0.062,0.09,1.2,1.456,0.15,0.25,0,4,0,0,0,0,0,0,,0,0,,0,../output/pass2_vs_pass1_model_comparison/pass1_pass2_bsa_comparison/10p6_GeV_average/bsa_006_10p6_GeV_average_xB_0p062_0p09_Q2_1p2_1p456_t_0p15_0p25.png
10.6 GeV,0.062,0.09,1.2,1.456,0.25,0.4,0,5,0,0,0,0,0,0,,0,0,,0,../output/pass2_vs_pass1_model_comparison/pass1_pass2_bsa_comparison/10p6_GeV_average/bsa_007_10p6_GeV_average_xB_0p062_0p09_Q2_1p2_1p456_t_0p25_0p4.png
10.6 GeV,0.062,0.09,1.2,1.456,0.4,0.6,0,9,0,0,0,0,0,0,,0,0,,0,../output/pass2_vs_pass1_model_comparison/pass1_pass2_bsa_comparison/10p6_GeV_average/bsa_008_10p6_GeV_average_xB_0p062_0p09_Q2_1p2_1p456_t_0p4_0p6.png
10.6 GeV,0.09,0.118,1,1.2,0.11,0.15,3,2,1,0.419650637493,0.0966966878587,0.949999951776,3.576693196,1,3.576693196,50.299423925,2,25.1497119625,24.1497119625,../output/pass2_vs_pass1_model_comparison/pass1_pass2_bsa_comparison/10p6_GeV_average/bsa_009_10p6_GeV_average_xB_0p09_0p118_Q2_1_1p2_t_0p11_0p15.png
10.6 GeV,0.09,0.118,1,1.2,0.15,0.25,16,5,1,0.242845275952,0.0179451825211,-0.00263041420529,31.520804349,14,2.25148602493,8.97304048333,5,1.79460809667,1.25638571634,../output/pass2_vs_pass1_model_comparison/pass1_pass2_bsa_comparison/10p6_GeV_average/bsa_010_10p6_GeV_average_xB_0p09_0p118_Q2_1_1p2_t_0p15_0p25.png
10.6 GeV,0.09,0.118,1,1.2,0.25,0.4,23,5,1,0.185950723585,0.0104341790444,-0.438385210881,34.5567082675,21,1.64555753655,9.39853731342,5,1.87970746268,1.39093962837,../output/pass2_vs_pass1_model_comparison/pass1_pass2_bsa_comparison/10p6_GeV_average/bsa_011_10p6_GeV_average_xB_0p09_0p118_Q2_1_1p2_t_0p25_0p4.png
10.6 GeV,0.09,0.118,1,1.2,0.4,0.6,20,6,1,0.146432041122,0.0171813832324,-0.231682456654,50.0917644843,18,2.78287580468,5.19670513665,6,0.866117522775,-0.231891252798,../output/pass2_vs_pass1_model_comparison/pass1_pass2_bsa_comparison/10p6_GeV_average/bsa_012_10p6_GeV_average_xB_0p09_0p118_Q2_1_1p2_t_0p4_0p6.png
10.6 GeV,0.09,0.118,1,1.2,0.6,0.8,7,5,1,0.419025958523,0.0584700848576,0.949999951776,17.8049538518,5,3.56099077036,73.6587287526,5,14.7317457505,21.711796411,../output/pass2_vs_pass1_model_comparison/pass1_pass2_bsa_comparison/10p6_GeV_average/bsa_013_10p6_GeV_average_xB_0p09_0p118_Q2_1_1p2_t_0p6_0p8.png
10.6 GeV,0.09,0.118,1.2,1.456,0.11,0.15,0,5,0,0,0,0,0,0,,0,0,,0,../output/pass2_vs_pass1_model_comparison/pass1_pass2_bsa_comparison/10p6_GeV_average/bsa_014_10p6_GeV_average_xB_0p09_0p118_Q2_1p2_1p456_t_0p11_0p15.png
10.6 GeV,0.09,0.118,1.2,1.456,0.15,0.25,0,7,0,0,0,0,0,0,,0,0,,0,../output/pass2_vs_pass1_model_comparison/pass1_pass2_bsa_comparison/10p6_GeV_average/bsa_015_10p6_GeV_average_xB_0p09_0p118_Q2_1p2_1p456_t_0p15_0p25.png
10.6 GeV,0.09,0.118,1.2,1.456,0.25,0.4,0,9,0,0,0,0,0,0,,0,0,,0,../output/pass2_vs_pass1_model_comparison/pass1_pass2_bsa_comparison/10p6_GeV_average/bsa_016_10p6_GeV_average_xB_0p09_0p118_Q2_1p2_1p456_t_0p25_0p4.png
10.6 GeV,0.09,0.118,1.2,1.456,0.4,0.6,0,16,0,0,0,0,0,0,,0,0,,0,../output/pass2_vs_pass1_model_comparison/pass1_pass2_bsa_comparison/10p6_GeV_average/bsa_017_10p6_GeV_average_xB_0p09_0p118_Q2_1p2_1p456_t_0p4_0p6.png
10.6 GeV,0.09,0.118,1.2,1.456,0.6,0.8,0,10,0,0,0,0,0,0,,0,0,,0,../output/pass2_vs_pass1_model_comparison/pass1_pass2_bsa_comparison/10p6_GeV_average/bsa_018_10p6_GeV_average_xB_0p09_0p118_Q2_1p2_1p456_t_0p6_0p8.png
10.6 GeV,0.09,0.118,1.456,1.912,0.11,0.15,1,13,0,0,0,0,0,0,,0,0,,0,../output/pass2_vs_pass1_model_comparison/pass1_pass2_bsa_comparison/10p6_GeV_average/bsa_019_10p6_GeV_average_xB_0p09_0p118_Q2_1p456_1p912_t_0p11_0p15.png
10.6 GeV,0.09,0.118,1.456,1.912,0.15,0.25,19,15,1,0.249829181902,0.0149745054279,0.0703728076907,38.1003619354,17,2.2411977609,24.0787751963,15,1.60525167976,1.65754998985,../output/pass2_vs_pass1_model_comparison/pass1_pass2_bsa_comparison/10p6_GeV_average/bsa_020_10p6_GeV_average_xB_0p09_0p118_Q2_1p456_1p912_t_0p15_0p25.png
10.6 GeV,0.09,0.118,1.456,1.912,0.25,0.4,17,13,1,0.207265718278,0.0123717587533,-0.366134618251,20.6701198611,15,1.37800799074,15.6484431918,13,1.20372639937,0.519402442908,../output/pass2_vs_pass1_model_comparison/pass1_pass2_bsa_comparison/10p6_GeV_average/bsa_021_10p6_GeV_average_xB_0p09_0p118_Q2_1p456_1p912_t_0p25_0p4.png
10.6 GeV,0.09,0.118,1.456,1.912,0.4,0.6,14,16,1,0.0431847259184,0.00590190343832,-0.927327379163,31.6656832629,12,2.63880693857,27.2813684451,16,1.70508552782,1.99428303214,../output/pass2_vs_pass1_model_comparison/pass1_pass2_bsa_comparison/10p6_GeV_average/bsa_022_10p6_GeV_average_xB_0p09_0p118_Q2_1p456_1p912_t_0p4_0p6.png
10.6 GeV,0.09,0.118,1.456,1.912,0.6,0.8,1,12,0,0,0,0,0,0,,0,0,,0,../output/pass2_vs_pass1_model_comparison/pass1_pass2_bsa_comparison/10p6_GeV_average/bsa_023_10p6_GeV_average_xB_0p09_0p118_Q2_1p456_1p912_t_0p6_0p8.png
10.6 GeV,0.118,0.155,1.2,1.456,0.11,0.15,0,5,0,0,0,0,0,0,,0,0,,0,../output/pass2_vs_pass1_model_comparison/pass1_pass2_bsa_comparison/10p6_GeV_average/bsa_024_10p6_GeV_average_xB_0p118_0p155_Q2_1p2_1p456_t_0p11_0p15.png
10.6 GeV,0.118,0.155,1.2,1.456,0.15,0.25,6,8,1,0.10549040229,0.0223718818958,0.829549214238,17.6321791184,4,4.4080447796,16.7645241115,8,2.09556551394,2.19113102788,../output/pass2_vs_pass1_model_comparison/pass1_pass2_bsa_comparison/10p6_GeV_average/bsa_025_10p6_GeV_average_xB_0p118_0p155_Q2_1p2_1p456_t_0p15_0p25.png
10.6 GeV,0.118,0.155,1.2,1.456,0.25,0.4,11,8,1,0.253878365734,0.0452095667206,-0.462482461891,10.2207395698,9,1.13563772998,15.2135069489,8,1.90168836862,1.80337673723,../output/pass2_vs_pass1_model_comparison/pass1_pass2_bsa_comparison/10p6_GeV_average/bsa_026_10p6_GeV_average_xB_0p118_0p155_Q2_1p2_1p456_t_0p25_0p4.png
10.6 GeV,0.118,0.155,1.2,1.456,0.4,0.6,2,11,0,0,0,0,0,0,,0,0,,0,../output/pass2_vs_pass1_model_comparison/pass1_pass2_bsa_comparison/10p6_GeV_average/bsa_027_10p6_GeV_average_xB_0p118_0p155_Q2_1p2_1p456_t_0p4_0p6.png
10.6 GeV,0.118,0.155,1.2,1.456,0.6,0.8,0,5,0,0,0,0,0,0,,0,0,,0,../output/pass2_vs_pass1_model_comparison/pass1_pass2_bsa_comparison/10p6_GeV_average/bsa_028_10p6_GeV_average_xB_0p118_0p155_Q2_1p2_1p456_t_0p6_0p8.png
10.6 GeV,0.118,0.155,1.456,1.912,0.11,0.15,2,16,0,0,0,0,0,0,,0,0,,0,../output/pass2_vs_pass1_model_comparison/pass1_pass2_bsa_comparison/10p6_GeV_average/bsa_029_10p6_GeV_average_xB_0p118_0p155_Q2_1p456_1p912_t_0p11_0p15.png
10.6 GeV,0.118,0.155,1.456,1.912,0.15,0.25,10,20,1,0.0591471123369,0.0697400252426,-0.0133743953328,14.8387007353,8,1.85483759192,171.641674667,20,8.58208373336,23.9766540075,../output/pass2_vs_pass1_model_comparison/pass1_pass2_bsa_comparison/10p6_GeV_average/bsa_030_10p6_GeV_average_xB_0p118_0p155_Q2_1p456_1p912_t_0p15_0p25.png
10.6 GeV,0.118,0.155,1.456,1.912,0.25,0.4,11,20,1,0.272973452908,0.0238729238077,-0.116438285585,8.10084086204,9,0.900093429116,12.8861539433,20,0.644307697164,-1.12479782315,../output/pass2_vs_pass1_model_comparison/pass1_pass2_bsa_comparison/10p6_GeV_average/bsa_031_10p6_GeV_average_xB_0p118_0p155_Q2_1p456_1p912_t_0p25_0p4.png
10.6 GeV,0.118,0.155,1.456,1.912,0.4,0.6,5,16,1,0.179046267455,0.0316055820547,-0.382349396055,2.63527743308,3,0.878425811027,22.0671989291,16,1.37919993307,1.0725393764,../output/pass2_vs_pass1_model_comparison/pass1_pass2_bsa_comparison/10p6_GeV_average/bsa_032_10p6_GeV_average_xB_0p118_0p155_Q2_1p456_1p912_t_0p4_0p6.png
10.6 GeV,0.118,0.155,1.456,1.912,0.6,0.8,1,14,0,0,0,0,0,0,,0,0,,0,../output/pass2_vs_pass1_model_comparison/pass1_pass2_bsa_comparison/10p6_GeV_average/bsa_033_10p6_GeV_average_xB_0p118_0p155_Q2_1p456_1p912_t_0p6_0p8.png
10.6 GeV,0.118,0.155,1.456,1.912,0.8,1,30,9,1,0.125140245757,0.0312334506176,-0.0280490513653,52.7080310533,28,1.88242968048,11.029890016,9,1.22554333511,0.478449665123,../output/pass2_vs_pass1_model_comparison/pass1_pass2_bsa_comparison/10p6_GeV_average/bsa_034_10p6_GeV_average_xB_0p118_0p155_Q2_1p456_1p912_t_0p8_1.png
10.6 GeV,0.118,0.155,1.912,2.51,0.11,0.15,0,13,0,0,0,0,0,0,,0,0,,0,../output/pass2_vs_pass1_model_comparison/pass1_pass2_bsa_comparison/10p6_GeV_average/bsa_035_10p6_GeV_average_xB_0p118_0p155_Q2_1p912_2p51_t_0p11_0p15.png
10.6 GeV,0.118,0.155,1.912,2.51,0.15,0.25,23,20,1,0.263515540563,0.0187072869956,0.0306443297449,14.5126244716,21,0.69107735579,22.4957400639,20,1.1247870032,0.394611152489,../output/pass2_vs_pass1_model_comparison/pass1_pass2_bsa_comparison/10p6_GeV_average/bsa_036_10p6_GeV_average_xB_0p118_0p155_Q2_1p912_2p51_t_0p15_0p25.png
10.6 GeV,0.118,0.155,1.912,2.51,0.25,0.4,24,18,1,0.196655154652,0.0156505217672,-0.168241034775,19.5234394411,22,0.887429065504,22.7493232882,18,1.26385129379,0.791553881374,../output/pass2_vs_pass1_model_comparison/pass1_pass2_bsa_comparison/10p6_GeV_average/bsa_037_10p6_GeV_average_xB_0p118_0p155_Q2_1p912_2p51_t_0p25_0p4.png
10.6 GeV,0.118,0.155,1.912,2.51,0.4,0.6,17,16,1,0.179670101048,0.0242047613556,-0.0165441477972,11.477955071,15,0.765197004735,22.6278340125,16,1.41423962578,1.17164659371,../output/pass2_vs_pass1_model_comparison/pass1_pass2_bsa_comparison/10p6_GeV_average/bsa_038_10p6_GeV_average_xB_0p118_0p155_Q2_1p912_2p51_t_0p4_0p6.png
10.6 GeV,0.118,0.155,1.912,2.51,0.6,0.8,1,13,0,0,0,0,0,0,,0,0,,0,../output/pass2_vs_pass1_model_comparison/pass1_pass2_bsa_comparison/10p6_GeV_average/bsa_039_10p6_GeV_average_xB_0p118_0p155_Q2_1p912_2p51_t_0p6_0p8.png
10.6 GeV,0.155,0.204,1.2,1.456,0.15,0.25,16,4,1,0.297505461205,0.0244292991616,-0.206577337889,10.0200435263,14,0.715717394734,6.13185709216,4,1.53296427304,0.753725303193,../output/pass2_vs_pass1_model_comparison/pass1_pass2_bsa_comparison/10p6_GeV_average/bsa_040_10p6_GeV_average_xB_0p155_0p204_Q2_1p2_1p456_t_0p15_0p25.png
10.6 GeV,0.155,0.204,1.2,1.456,0.25,0.4,12,2,1,0.17197089656,0.033088495733,-0.721203029233,8.73100573743,10,0.873100573743,0.845372592451,2,0.422686296225,-0.577313703775,../output/pass2_vs_pass1_model_comparison/pass1_pass2_bsa_comparison/10p6_GeV_average/bsa_041_10p6_GeV_average_xB_0p155_0p204_Q2_1p2_1p456_t_0p25_0p4.png
10.6 GeV,0.155,0.204,1.2,1.456,0.4,0.6,15,1,1,0.127924893884,0.028613435114,-0.588359006531,22.520475252,13,1.73234425015,1.76705600561,1,1.76705600561,0.542390503117,../output/pass2_vs_pass1_model_comparison/pass1_pass2_bsa_comparison/10p6_GeV_average/bsa_042_10p6_GeV_average_xB_0p155_0p204_Q2_1p2_1p456_t_0p4_0p6.png
10.6 GeV,0.155,0.204,1.2,1.456,0.6,0.8,9,3,1,0.0926018481342,0.0234398163588,-0.700692238872,21.7540337274,7,3.10771910392,1.57985636777,3,0.526618789255,-0.579771210073,../output/pass2_vs_pass1_model_comparison/pass1_pass2_bsa_comparison/10p6_GeV_average/bsa_043_10p6_GeV_average_xB_0p155_0p204_Q2_1p2_1p456_t_0p6_0p8.png
10.6 GeV,0.155,0.204,1.456,1.912,0.11,0.15,1,7,0,0,0,0,0,0,,0,0,,0,../output/pass2_vs_pass1_model_comparison/pass1_pass2_bsa_comparison/10p6_GeV_average/bsa_044_10p6_GeV_average_xB_0p155_0p204_Q2_1p456_1p912_t_0p11_0p15.png
10.6 GeV,0.155,0.204,1.456,1.912,0.15,0.25,16,17,1,0.37940921802,0.0223434126207,-0.0117290154983,20.3183245938,14,1.45130889956,67.5125445393,17,3.97132614937,8.66282992044,../output/pass2_vs_pass1_model_comparison/pass1_pass2_bsa_comparison/10p6_GeV_average/bsa_045_10p6_GeV_average_xB_0p155_0p204_Q2_1p456_1p912_t_0p15_0p25.png
10.6 GeV,0.155,0.204,1.456,1.912,0.25,0.4,16,14,1,0.349106168212,0.029477417598,-0.404366247369,36.563340542,14,2.61166718157,58.0952918327,14,4.14966370233,8.33322686986,../output/pass2_vs_pass1_model_comparison/pass1_pass2_bsa_comparison/10p6_GeV_average/bsa_046_10p6_GeV_average_xB_0p155_0p204_Q2_1p456_1p912_t_0p25_0p4.png
10.6 GeV,0.155,0.204,1.456,1.912,0.4,0.6,14,15,1,0.279698907565,0.0386546283407,-0.176549362674,12.586638901,12,1.04888657508,14.0787999953,15,0.938586666352,-0.168187340853,../output/pass2_vs_pass1_model_comparison/pass1_pass2_bsa_comparison/10p6_GeV_average/bsa_047_10p6_GeV_average_xB_0p155_0p204_Q2_1p456_1p912_t_0p4_0p6.png
10.6 GeV,0.155,0.204,1.456,1.912,0.6,0.8,5,14,1,0.207536137988,0.0488490613774,0.0193538886406,2.42736643964,3,0.809122146548,17.9940234804,14,1.28528739146,0.754799489983,../output/pass2_vs_pass1_model_comparison/pass1_pass2_bsa_comparison/10p6_GeV_average/bsa_048_10p6_GeV_average_xB_0p155_0p204_Q2_1p456_1p912_t_0p6_0p8.png
10.6 GeV,0.155,0.204,1.456,1.912,0.8,1,18,5,1,0.0231714690821,0.00789592538496,-0.949999951776,16.9275819656,16,1.05797387285,2.96924417137,5,0.593848834273,-0.642181379014,../output/pass2_vs_pass1_model_comparison/pass1_pass2_bsa_comparison/10p6_GeV_average/bsa_049_10p6_GeV_average_xB_0p155_0p204_Q2_1p456_1p912_t_0p8_1.png
10.6 GeV,0.155,0.204,1.912,2.51,0.11,0.15,0,10,0,0,0,0,0,0,,0,0,,0,../output/pass2_vs_pass1_model_comparison/pass1_pass2_bsa_comparison/10p6_GeV_average/bsa_050_10p6_GeV_average_xB_0p155_0p204_Q2_1p912_2p51_t_0p11_0p15.png
10.6 GeV,0.155,0.204,1.912,2.51,0.15,0.25,15,21,1,0.327764734618,0.0329895581174,0.0696130627162,12.0639269174,13,0.927994378261,22.0153522691,21,1.04835010805,0.156672256519,../output/pass2_vs_pass1_model_comparison/pass1_pass2_bsa_comparison/10p6_GeV_average/bsa_051_10p6_GeV_average_xB_0p155_0p204_Q2_1p912_2p51_t_0p15_0p25.png
10.6 GeV,0.155,0.204,1.912,2.51,0.25,0.4,24,23,1,0.25648926631,0.0325325449642,-0.140195220452,21.4436071631,22,0.974709416506,23.8121348034,23,1.03531020885,0.119742744081,../output/pass2_vs_pass1_model_comparison/pass1_pass2_bsa_comparison/10p6_GeV_average/bsa_052_10p6_GeV_average_xB_0p155_0p204_Q2_1p912_2p51_t_0p25_0p4.png
10.6 GeV,0.155,0.204,1.912,2.51,0.4,0.6,14,18,1,0.169480852868,0.021548529007,-0.661679545798,5.52564028715,12,0.460470023929,36.9021228493,18,2.05011793607,3.15035380822,../output/pass2_vs_pass1_model_comparison/pass1_pass2_bsa_comparison/10p6_GeV_average/bsa_053_10p6_GeV_average_xB_0p155_0p204_Q2_1p912_2p51_t_0p4_0p6.png
10.6 GeV,0.155,0.204,1.912,2.51,0.6,0.8,8,13,1,0.202517043494,0.030366874809,-0.549314638402,1.77671920614,6,0.29611986769,20.0245459616,13,1.54034968935,1.37762680509,../output/pass2_vs_pass1_model_comparison/pass1_pass2_bsa_comparison/10p6_GeV_average/bsa_054_10p6_GeV_average_xB_0p155_0p204_Q2_1p912_2p51_t_0p6_0p8.png
10.6 GeV,0.155,0.204,1.912,2.51,0.8,1,16,12,1,0.0811489233258,0.0303473416511,-0.526199522291,25.9274089921,14,1.85195778515,11.8949370885,12,0.991244757374,-0.0214458770081,../output/pass2_vs_pass1_model_comparison/pass1_pass2_bsa_comparison/10p6_GeV_average/bsa_055_10p6_GeV_average_xB_0p155_0p204_Q2_1p912_2p51_t_0p8_1.png
10.6 GeV,0.155,0.204,2.51,3.295,0.15,0.25,20,20,1,0.219863085271,0.0287465179523,0.0541600043993,39.5317565441,18,2.19620869689,32.4831341947,20,1.62415670973,1.97375681963,../output/pass2_vs_pass1_model_comparison/pass1_pass2_bsa_comparison/10p6_GeV_average/bsa_056_10p6_GeV_average_xB_0p155_0p204_Q2_2p51_3p295_t_0p15_0p25.png
10.6 GeV,0.155,0.204,2.51,3.295,0.25,0.4,23,23,1,0.216260079969,0.0200118907355,-0.132889202486,18.5134407096,21,0.881592414743,35.1588523221,23,1.52864575314,1.79272497097,../output/pass2_vs_pass1_model_comparison/pass1_pass2_bsa_comparison/10p6_GeV_average/bsa_057_10p6_GeV_average_xB_0p155_0p204_Q2_2p51_3p295_t_0p25_0p4.png
10.6 GeV,0.155,0.204,2.51,3.295,0.4,0.6,16,15,1,0.107591476603,0.0140635291476,-0.737233195163,14.9881588833,14,1.07058277738,25.5829188086,15,1.70552792057,1.93216778524,../output/pass2_vs_pass1_model_comparison/pass1_pass2_bsa_comparison/10p6_GeV_average/bsa_058_10p6_GeV_average_xB_0p155_0p204_Q2_2p51_3p295_t_0p4_0p6.png
10.6 GeV,0.155,0.204,2.51,3.295,0.6,0.8,3,13,1,0.287684072524,0.0533943119122,0.0757113730504,1.28705273954,1,1.28705273954,11.4381005419,13,0.879853887842,-0.306313685188,../output/pass2_vs_pass1_model_comparison/pass1_pass2_bsa_comparison/10p6_GeV_average/bsa_059_10p6_GeV_average_xB_0p155_0p204_Q2_2p51_3p295_t_0p6_0p8.png
10.6 GeV,0.204,0.268,1.456,1.912,0.15,0.25,22,11,1,0.195047814563,0.0183452439623,-0.675686757417,16.373245248,20,0.818662262398,29.8261951428,11,2.71147228571,4.01375829069,../output/pass2_vs_pass1_model_comparison/pass1_pass2_bsa_comparison/10p6_GeV_average/bsa_060_10p6_GeV_average_xB_0p204_0p268_Q2_1p456_1p912_t_0p15_0p25.png
10.6 GeV,0.204,0.268,1.456,1.912,0.25,0.4,17,11,1,0.255519518798,0.0421816318977,-0.347474795634,46.0066010847,15,3.06710673898,45.4501460646,11,4.13183146042,7.34479581954,../output/pass2_vs_pass1_model_comparison/pass1_pass2_bsa_comparison/10p6_GeV_average/bsa_061_10p6_GeV_average_xB_0p204_0p268_Q2_1p456_1p912_t_0p25_0p4.png
10.6 GeV,0.204,0.268,1.456,1.912,0.4,0.6,1,5,0,0,0,0,0,0,,0,0,,0,../output/pass2_vs_pass1_model_comparison/pass1_pass2_bsa_comparison/10p6_GeV_average/bsa_062_10p6_GeV_average_xB_0p204_0p268_Q2_1p456_1p912_t_0p4_0p6.png
10.6 GeV,0.204,0.268,1.456,1.912,0.6,0.8,15,5,1,0.113057731381,0.0308645366983,-0.681401339367,14.6023212851,13,1.12325548347,11.2801400648,5,2.25602801296,1.98595466297,../output/pass2_vs_pass1_model_comparison/pass1_pass2_bsa_comparison/10p6_GeV_average/bsa_063_10p6_GeV_average_xB_0p204_0p268_Q2_1p456_1p912_t_0p6_0p8.png
10.6 GeV,0.204,0.268,1.456,1.912,0.8,1,0,3,0,0,0,0,0,0,,0,0,,0,../output/pass2_vs_pass1_model_comparison/pass1_pass2_bsa_comparison/10p6_GeV_average/bsa_064_10p6_GeV_average_xB_0p204_0p268_Q2_1p456_1p912_t_0p8_1.png
10.6 GeV,0.204,0.268,1.912,2.51,0.15,0.25,10,15,1,0.331625499836,0.0373869931674,-0.0582504545035,3.97409648475,8,0.496762060593,6.77073795684,15,0.451382530456,-1.50245081755,../output/pass2_vs_pass1_model_comparison/pass1_pass2_bsa_comparison/10p6_GeV_average/bsa_065_10p6_GeV_average_xB_0p204_0p268_Q2_1p912_2p51_t_0p15_0p25.png
10.6 GeV,0.204,0.268,1.912,2.51,0.25,0.4,4,18,1,0.267004529638,0.048269758879,-0.949999951776,3.87310753875,2,1.93655376938,724.703580516,18,40.2613100286,117.783930086,../output/pass2_vs_pass1_model_comparison/pass1_pass2_bsa_comparison/10p6_GeV_average/bsa_066_10p6_GeV_average_xB_0p204_0p268_Q2_1p912_2p51_t_0p25_0p4.png
10.6 GeV,0.204,0.268,1.912,2.51,0.4,0.6,4,17,1,0.181737229291,0.142312754332,-0.949999951776,7.16994873112,2,3.58497436556,236.314288858,17,13.9008405211,37.6120902407,../output/pass2_vs_pass1_model_comparison/pass1_pass2_bsa_comparison/10p6_GeV_average/bsa_067_10p6_GeV_average_xB_0p204_0p268_Q2_1p912_2p51_t_0p4_0p6.png
10.6 GeV,0.204,0.268,1.912,2.51,0.6,0.8,1,15,0,0,0,0,0,0,,0,0,,0,../output/pass2_vs_pass1_model_comparison/pass1_pass2_bsa_comparison/10p6_GeV_average/bsa_068_10p6_GeV_average_xB_0p204_0p268_Q2_1p912_2p51_t_0p6_0p8.png
10.6 GeV,0.204,0.268,1.912,2.51,0.8,1,8,13,1,0.0873910084075,0.0530880801931,0.843525227672,4.88412419887,6,0.814020699811,16.1966362616,13,1.24589509704,0.626911949061,../output/pass2_vs_pass1_model_comparison/pass1_pass2_bsa_comparison/10p6_GeV_average/bsa_069_10p6_GeV_average_xB_0p204_0p268_Q2_1p912_2p51_t_0p8_1.png
10.6 GeV,0.204,0.268,2.51,3.295,0.15,0.25,16,17,1,0.359816953373,0.0273468394229,-0.147972900446,15.5918627677,14,1.11370448341,24.1454108237,17,1.42031828375,1.22542784652,../output/pass2_vs_pass1_model_comparison/pass1_pass2_bsa_comparison/10p6_GeV_average/bsa_070_10p6_GeV_average_xB_0p204_0p268_Q2_2p51_3p295_t_0p15_0p25.png
10.6 GeV,0.204,0.268,2.51,3.295,0.25,0.4,21,22,1,0.330242486157,0.0308890480575,-0.331732119252,24.8382429952,19,1.30727594712,55.6983528738,22,2.53174331244,5.08021784251,../output/pass2_vs_pass1_model_comparison/pass1_pass2_bsa_comparison/10p6_GeV_average/bsa_071_10p6_GeV_average_xB_0p204_0p268_Q2_2p51_3p295_t_0p25_0p4.png
10.6 GeV,0.204,0.268,2.51,3.295,0.4,0.6,1,22,0,0,0,0,0,0,,0,0,,0,../output/pass2_vs_pass1_model_comparison/pass1_pass2_bsa_comparison/10p6_GeV_average/bsa_072_10p6_GeV_average_xB_0p204_0p268_Q2_2p51_3p295_t_0p4_0p6.png
10.6 GeV,0.204,0.268,2.51,3.295,0.6,0.8,20,17,1,0.265621828887,0.0336332972285,-0.304321561213,26.053385474,18,1.44741030411,29.422881433,17,1.73075773135,2.13050658915,../output/pass2_vs_pass1_model_comparison/pass1_pass2_bsa_comparison/10p6_GeV_average/bsa_073_10p6_GeV_average_xB_0p204_0p268_Q2_2p51_3p295_t_0p6_0p8.png
10.6 GeV,0.204,0.268,2.51,3.295,0.8,1,16,12,1,0.106464535716,0.0269929186687,-0.539553759348,11.9118209728,14,0.850844355203,11.9135077201,12,0.992792310008,-0.0176551627047,../output/pass2_vs_pass1_model_comparison/pass1_pass2_bsa_comparison/10p6_GeV_average/bsa_074_10p6_GeV_average_xB_0p204_0p268_Q2_2p51_3p295_t_0p8_1.png
10.6 GeV,0.204,0.268,3.295,4.326,0.15,0.25,12,14,1,0.256888194584,0.0475945341634,0.263871413752,18.1998765525,10,1.81998765525,17.1454046205,14,1.22467175861,0.594425599901,../output/pass2_vs_pass1_model_comparison/pass1_pass2_bsa_comparison/10p6_GeV_average/bsa_075_10p6_GeV_average_xB_0p204_0p268_Q2_3p295_4p326_t_0p15_0p25.png
10.6 GeV,0.204,0.268,3.295,4.326,0.25,0.4,11,21,1,0.30564788902,0.0387573842551,0.0169657132071,5.09989312774,9,0.566654791971,26.1660783106,21,1.24600372908,0.797143189497,../output/pass2_vs_pass1_model_comparison/pass1_pass2_bsa_comparison/10p6_GeV_average/bsa_076_10p6_GeV_average_xB_0p204_0p268_Q2_3p295_4p326_t_0p25_0p4.png
10.6 GeV,0.204,0.268,3.295,4.326,0.4,0.6,0,19,0,0,0,0,0,0,,0,0,,0,../output/pass2_vs_pass1_model_comparison/pass1_pass2_bsa_comparison/10p6_GeV_average/bsa_077_10p6_GeV_average_xB_0p204_0p268_Q2_3p295_4p326_t_0p4_0p6.png
10.6 GeV,0.204,0.268,3.295,4.326,0.6,0.8,6,11,1,0.120072190132,0.0207877207015,-0.61544141157,6.11908130587,4,1.52977032647,9.53508813515,11,0.866826194104,-0.312320258985,../output/pass2_vs_pass1_model_comparison/pass1_pass2_bsa_comparison/10p6_GeV_average/bsa_078_10p6_GeV_average_xB_0p204_0p268_Q2_3p295_4p326_t_0p6_0p8.png
10.6 GeV,0.268,0.357,1.456,1.912,0.15,0.25,0,4,0,0,0,0,0,0,,0,0,,0,../output/pass2_vs_pass1_model_comparison/pass1_pass2_bsa_comparison/10p6_GeV_average/bsa_079_10p6_GeV_average_xB_0p268_0p357_Q2_1p456_1p912_t_0p15_0p25.png
10.6 GeV,0.268,0.357,1.456,1.912,0.25,0.4,1,6,0,0,0,0,0,0,,0,0,,0,../output/pass2_vs_pass1_model_comparison/pass1_pass2_bsa_comparison/10p6_GeV_average/bsa_080_10p6_GeV_average_xB_0p268_0p357_Q2_1p456_1p912_t_0p25_0p4.png
10.6 GeV,0.268,0.357,1.456,1.912,0.4,0.6,0,4,0,0,0,0,0,0,,0,0,,0,../output/pass2_vs_pass1_model_comparison/pass1_pass2_bsa_comparison/10p6_GeV_average/bsa_081_10p6_GeV_average_xB_0p268_0p357_Q2_1p456_1p912_t_0p4_0p6.png
10.6 GeV,0.268,0.357,1.456,1.912,0.6,0.8,0,1,0,0,0,0,0,0,,0,0,,0,../output/pass2_vs_pass1_model_comparison/pass1_pass2_bsa_comparison/10p6_GeV_average/bsa_082_10p6_GeV_average_xB_0p268_0p357_Q2_1p456_1p912_t_0p6_0p8.png
10.6 GeV,0.268,0.357,1.912,2.51,0.15,0.25,12,8,1,0.115395120166,0.017932373763,-0.889157240904,10.2738783852,10,1.02738783852,30.7877299911,8,3.84846624888,5.69693249777,../output/pass2_vs_pass1_model_comparison/pass1_pass2_bsa_comparison/10p6_GeV_average/bsa_083_10p6_GeV_average_xB_0p268_0p357_Q2_1p912_2p51_t_0p15_0p25.png
10.6 GeV,0.268,0.357,1.912,2.51,0.25,0.4,9,12,1,0.0636156837227,0.0160247453152,-0.949999951776,1.92012479476,7,0.274303542109,21.8802083136,12,1.8233506928,2.01678907674,../output/pass2_vs_pass1_model_comparison/pass1_pass2_bsa_comparison/10p6_GeV_average/bsa_084_10p6_GeV_average_xB_0p268_0p357_Q2_1p912_2p51_t_0p25_0p4.png
10.6 GeV,0.268,0.357,1.912,2.51,0.4,0.6,7,10,1,0.0850208237545,0.0356206346419,0.949999951776,3.74469061609,5,0.748938123218,10.9338109945,10,1.09338109945,0.208806486186,../output/pass2_vs_pass1_model_comparison/pass1_pass2_bsa_comparison/10p6_GeV_average/bsa_085_10p6_GeV_average_xB_0p268_0p357_Q2_1p912_2p51_t_0p4_0p6.png
10.6 GeV,0.268,0.357,1.912,2.51,0.6,0.8,12,1,1,0.0537137870096,0.0384762986965,0.886256198773,6.73578140117,10,0.673578140117,0.636778037017,1,0.636778037017,-0.256836713101,../output/pass2_vs_pass1_model_comparison/pass1_pass2_bsa_comparison/10p6_GeV_average/bsa_086_10p6_GeV_average_xB_0p268_0p357_Q2_1p912_2p51_t_0p6_0p8.png
10.6 GeV,0.268,0.357,1.912,2.51,0.8,1,8,1,1,0.105231428388,0.0607224115113,-0.764219279624,6.50188492285,6,1.08364748714,1.03200954409,1,1.03200954409,0.0226341656903,../output/pass2_vs_pass1_model_comparison/pass1_pass2_bsa_comparison/10p6_GeV_average/bsa_087_10p6_GeV_average_xB_0p268_0p357_Q2_1p912_2p51_t_0p8_1.png
10.6 GeV,0.268,0.357,2.51,3.295,0.15,0.25,5,11,1,0.84059325176,0.133657674788,0.949999951776,1.80281535963,3,0.60093845321,55.1927991866,11,5.01752719878,9.42193644434,../output/pass2_vs_pass1_model_comparison/pass1_pass2_bsa_comparison/10p6_GeV_average/bsa_088_10p6_GeV_average_xB_0p268_0p357_Q2_2p51_3p295_t_0p15_0p25.png
10.6 GeV,0.268,0.357,2.51,3.295,0.25,0.4,4,13,1,0.610542909076,0.0997537252564,0.949999951776,0.768892537051,2,0.384446268525,46.8635745203,13,3.60489034771,6.64119335688,../output/pass2_vs_pass1_model_comparison/pass1_pass2_bsa_comparison/10p6_GeV_average/bsa_089_10p6_GeV_average_xB_0p268_0p357_Q2_2p51_3p295_t_0p25_0p4.png
10.6 GeV,0.268,0.357,2.51,3.295,0.4,0.6,0,9,0,0,0,0,0,0,,0,0,,0,../output/pass2_vs_pass1_model_comparison/pass1_pass2_bsa_comparison/10p6_GeV_average/bsa_090_10p6_GeV_average_xB_0p268_0p357_Q2_2p51_3p295_t_0p4_0p6.png
10.6 GeV,0.268,0.357,2.51,3.295,0.6,0.8,1,8,0,0,0,0,0,0,,0,0,,0,../output/pass2_vs_pass1_model_comparison/pass1_pass2_bsa_comparison/10p6_GeV_average/bsa_091_10p6_GeV_average_xB_0p268_0p357_Q2_2p51_3p295_t_0p6_0p8.png
10.6 GeV,0.268,0.357,2.51,3.295,0.8,1,9,4,1,0.0629920129759,0.0684015258106,0.590397230426,7.24296478007,7,1.0347092543,15.7143533888,4,3.9285883472,4.14164935922,../output/pass2_vs_pass1_model_comparison/pass1_pass2_bsa_comparison/10p6_GeV_average/bsa_092_10p6_GeV_average_xB_0p268_0p357_Q2_2p51_3p295_t_0p8_1.png
10.6 GeV,0.268,0.357,3.295,4.326,0.25,0.4,18,14,1,0.352650330441,0.0299081470709,-0.14142510973,30.6799464027,16,1.91749665017,7420.6753677,14,530.04824055,1399.73007605,../output/pass2_vs_pass1_model_comparison/pass1_pass2_bsa_comparison/10p6_GeV_average/bsa_093_10p6_GeV_average_xB_0p268_0p357_Q2_3p295_4p326_t_0p25_0p4.png
10.6 GeV,0.268,0.357,3.295,4.326,0.4,0.6,1,14,0,0,0,0,0,0,,0,0,,0,../output/pass2_vs_pass1_model_comparison/pass1_pass2_bsa_comparison/10p6_GeV_average/bsa_094_10p6_GeV_average_xB_0p268_0p357_Q2_3p295_4p326_t_0p4_0p6.png
10.6 GeV,0.268,0.357,3.295,4.326,0.6,0.8,15,11,1,0.18525148512,0.0313704442902,-0.508125752834,17.5271860583,13,1.3482450814,7.78987333461,11,0.708170303147,-0.684401304652,../output/pass2_vs_pass1_model_comparison/pass1_pass2_bsa_comparison/10p6_GeV_average/bsa_095_10p6_GeV_average_xB_0p268_0p357_Q2_3p295_4p326_t_0p6_0p8.png
10.6 GeV,0.268,0.357,3.295,4.326,0.8,1,15,9,1,0.149484170932,0.0400174606564,-0.250629979111,18.8829340712,13,1.45253339009,8.61400574275,9,0.957111749194,-0.0909797189337,../output/pass2_vs_pass1_model_comparison/pass1_pass2_bsa_comparison/10p6_GeV_average/bsa_096_10p6_GeV_average_xB_0p268_0p357_Q2_3p295_4p326_t_0p8_1.png
10.6 GeV,0.268,0.357,4.326,5.761,0.25,0.4,0,10,0,0,0,0,0,0,,0,0,,0,../output/pass2_vs_pass1_model_comparison/pass1_pass2_bsa_comparison/10p6_GeV_average/bsa_097_10p6_GeV_average_xB_0p268_0p357_Q2_4p326_5p761_t_0p25_0p4.png
10.6 GeV,0.268,0.357,4.326,5.761,0.4,0.6,0,11,0,0,0,0,0,0,,0,0,,0,../output/pass2_vs_pass1_model_comparison/pass1_pass2_bsa_comparison/10p6_GeV_average/bsa_098_10p6_GeV_average_xB_0p268_0p357_Q2_4p326_5p761_t_0p4_0p6.png
10.6 GeV,0.357,0.446,1.912,2.51,0.25,0.4,0,7,0,0,0,0,0,0,,0,0,,0,../output/pass2_vs_pass1_model_comparison/pass1_pass2_bsa_comparison/10p6_GeV_average/bsa_099_10p6_GeV_average_xB_0p357_0p446_Q2_1p912_2p51_t_0p25_0p4.png
10.6 GeV,0.357,0.446,1.912,2.51,0.4,0.6,0,5,0,0,0,0,0,0,,0,0,,0,../output/pass2_vs_pass1_model_comparison/pass1_pass2_bsa_comparison/10p6_GeV_average/bsa_100_10p6_GeV_average_xB_0p357_0p446_Q2_1p912_2p51_t_0p4_0p6.png
10.6 GeV,0.357,0.446,2.51,3.295,0.25,0.4,12,11,1,0.175721080307,0.0280934360417,-0.833745554698,9.54653905508,10,0.954653905508,26.8842468326,11,2.44402243933,3.38653280348,../output/pass2_vs_pass1_model_comparison/pass1_pass2_bsa_comparison/10p6_GeV_average/bsa_101_10p6_GeV_average_xB_0p357_0p446_Q2_2p51_3p295_t_0p25_0p4.png
10.6 GeV,0.357,0.446,2.51,3.295,0.4,0.6,14,9,1,0.176088725541,0.0308698313752,0.949999951776,19.8864541746,12,1.65720451455,17.2710120704,9,1.91900134116,1.94949624076,../output/pass2_vs_pass1_model_comparison/pass1_pass2_bsa_comparison/10p6_GeV_average/bsa_102_10p6_GeV_average_xB_0p357_0p446_Q2_2p51_3p295_t_0p4_0p6.png
10.6 GeV,0.357,0.446,2.51,3.295,0.6,0.8,12,7,1,0.0760105010062,0.0355931975535,-0.907862878919,11.1616697054,10,1.11616697054,2.02477782534,7,0.289253975049,-1.32968405719,../output/pass2_vs_pass1_model_comparison/pass1_pass2_bsa_comparison/10p6_GeV_average/bsa_103_10p6_GeV_average_xB_0p357_0p446_Q2_2p51_3p295_t_0p6_0p8.png
10.6 GeV,0.357,0.446,3.295,4.326,0.25,0.4,19,10,1,0.147989817687,0.0220764415423,-0.8300841889,15.5219892997,17,0.913058194098,550200.129376,10,55020.0129376,123026.252983,../output/pass2_vs_pass1_model_comparison/pass1_pass2_bsa_comparison/10p6_GeV_average/bsa_104_10p6_GeV_average_xB_0p357_0p446_Q2_3p295_4p326_t_0p25_0p4.png
10.6 GeV,0.357,0.446,3.295,4.326,0.4,0.6,18,11,1,0.267294137258,0.0413347882677,-0.207552152163,14.5258671476,16,0.907866696725,16.5521796179,11,1.50474360163,1.18372867187,../output/pass2_vs_pass1_model_comparison/pass1_pass2_bsa_comparison/10p6_GeV_average/bsa_105_10p6_GeV_average_xB_0p357_0p446_Q2_3p295_4p326_t_0p4_0p6.png
10.6 GeV,0.357,0.446,3.295,4.326,0.6,0.8,12,7,1,0.341286619527,0.0769542674912,0.222314203308,13.4063693938,10,1.34063693938,3.86115330847,7,0.551593329781,-0.838892064952,../output/pass2_vs_pass1_model_comparison/pass1_pass2_bsa_comparison/10p6_GeV_average/bsa_106_10p6_GeV_average_xB_0p357_0p446_Q2_3p295_4p326_t_0p6_0p8.png
10.6 GeV,0.357,0.446,3.295,4.326,0.8,1,19,4,1,0.119832149582,0.0321646589308,-0.833617794812,20.7517888424,17,1.22069346132,6.72966146873,4,1.68241536718,0.96508106744,../output/pass2_vs_pass1_model_comparison/pass1_pass2_bsa_comparison/10p6_GeV_average/bsa_107_10p6_GeV_average_xB_0p357_0p446_Q2_3p295_4p326_t_0p8_1.png
10.6 GeV,0.357,0.446,4.326,5.761,0.25,0.4,1,7,0,0,0,0,0,0,,0,0,,0,../output/pass2_vs_pass1_model_comparison/pass1_pass2_bsa_comparison/10p6_GeV_average/bsa_108_10p6_GeV_average_xB_0p357_0p446_Q2_4p326_5p761_t_0p25_0p4.png
10.6 GeV,0.357,0.446,4.326,5.761,0.4,0.6,6,9,1,0.392521680459,0.0657049459518,0.0696587762901,2.04543318569,4,0.511358296423,4.32800229856,9,0.480889144284,-1.10120041879,../output/pass2_vs_pass1_model_comparison/pass1_pass2_bsa_comparison/10p6_GeV_average/bsa_109_10p6_GeV_average_xB_0p357_0p446_Q2_4p326_5p761_t_0p4_0p6.png
10.6 GeV,0.357,0.446,4.326,5.761,0.6,0.8,8,8,1,0.044626630664,0.0160768276666,-0.949999951776,4.14140930449,6,0.690234884081,1084207.05677,8,135525.882096,271049.764192,../output/pass2_vs_pass1_model_comparison/pass1_pass2_bsa_comparison/10p6_GeV_average/bsa_110_10p6_GeV_average_xB_0p357_0p446_Q2_4p326_5p761_t_0p6_0p8.png
10.6 GeV,0.446,0.581,2.51,3.295,0.4,0.6,0,3,0,0,0,0,0,0,,0,0,,0,../output/pass2_vs_pass1_model_comparison/pass1_pass2_bsa_comparison/10p6_GeV_average/bsa_111_10p6_GeV_average_xB_0p446_0p581_Q2_2p51_3p295_t_0p4_0p6.png
10.6 GeV,0.446,0.581,2.51,3.295,0.6,0.8,0,4,0,0,0,0,0,0,,0,0,,0,../output/pass2_vs_pass1_model_comparison/pass1_pass2_bsa_comparison/10p6_GeV_average/bsa_112_10p6_GeV_average_xB_0p446_0p581_Q2_2p51_3p295_t_0p6_0p8.png
10.6 GeV,0.446,0.581,3.295,4.326,0.4,0.6,0,4,0,0,0,0,0,0,,0,0,,0,../output/pass2_vs_pass1_model_comparison/pass1_pass2_bsa_comparison/10p6_GeV_average/bsa_113_10p6_GeV_average_xB_0p446_0p581_Q2_3p295_4p326_t_0p4_0p6.png
10.6 GeV,0.446,0.581,3.295,4.326,0.6,0.8,0,5,0,0,0,0,0,0,,0,0,,0,../output/pass2_vs_pass1_model_comparison/pass1_pass2_bsa_comparison/10p6_GeV_average/bsa_114_10p6_GeV_average_xB_0p446_0p581_Q2_3p295_4p326_t_0p6_0p8.png
10.6 GeV,0.446,0.581,3.295,4.326,0.8,1,0,2,0,0,0,0,0,0,,0,0,,0,../output/pass2_vs_pass1_model_comparison/pass1_pass2_bsa_comparison/10p6_GeV_average/bsa_115_10p6_GeV_average_xB_0p446_0p581_Q2_3p295_4p326_t_0p8_1.png
10.6 GeV,0.446,0.581,4.326,5.761,0.4,0.6,12,5,1,0.295690723794,0.0500408671547,0.0654159051296,4.96968706803,10,0.496968706803,6.42301563086,5,1.28460312617,0.449997053955,../output/pass2_vs_pass1_model_comparison/pass1_pass2_bsa_comparison/10p6_GeV_average/bsa_116_10p6_GeV_average_xB_0p446_0p581_Q2_4p326_5p761_t_0p4_0p6.png
10.6 GeV,0.446,0.581,4.326,5.761,0.6,0.8,1,7,0,0,0,0,0,0,,0,0,,0,../output/pass2_vs_pass1_model_comparison/pass1_pass2_bsa_comparison/10p6_GeV_average/bsa_117_10p6_GeV_average_xB_0p446_0p581_Q2_4p326_5p761_t_0p6_0p8.png
10.6 GeV,0.446,0.581,4.326,5.761,0.8,1,23,4,1,0.229384173789,0.0432495186077,-0.247913092066,40.7782978869,21,1.9418237089,6.05077295228,4,1.51269323807,0.725057730615,../output/pass2_vs_pass1_model_comparison/pass1_pass2_bsa_comparison/10p6_GeV_average/bsa_118_10p6_GeV_average_xB_0p446_0p581_Q2_4p326_5p761_t_0p8_1.png
Sp19 Inb,0.09,0.118,1.456,1.912,0.11,0.15,6,13,1,0.589783469085,0.062859317003,0.949999951776,19.0722742594,4,4.76806856484,124.751145569,13,9.59624196682,21.9162027662,../output/pass2_vs_pass1_model_comparison/pass1_pass2_bsa_comparison/10p2_GeV_Sp19_Inb/bsa_001_10p2_GeV_Sp19_Inb_xB_0p09_0p118_Q2_1p456_1p912_t_0p11_0p15.png
Sp19 Inb,0.09,0.118,1.456,1.912,0.15,0.25,13,15,1,0.0799891860973,0.00834396962381,-0.850175195466,37.112851705,11,3.37389560954,17.2980142801,15,1.15320095201,0.419558086222,../output/pass2_vs_pass1_model_comparison/pass1_pass2_bsa_comparison/10p2_GeV_Sp19_Inb/bsa_002_10p2_GeV_Sp19_Inb_xB_0p09_0p118_Q2_1p456_1p912_t_0p15_0p25.png
Sp19 Inb,0.09,0.118,1.456,1.912,0.25,0.4,15,12,1,0.240935512565,0.0227731748861,0.0866592823774,15.1347197813,13,1.16420921395,12.4742923515,12,1.03952436263,0.0968145208435,../output/pass2_vs_pass1_model_comparison/pass1_pass2_bsa_comparison/10p2_GeV_Sp19_Inb/bsa_003_10p2_GeV_Sp19_Inb_xB_0p09_0p118_Q2_1p456_1p912_t_0p25_0p4.png
Sp19 Inb,0.09,0.118,1.456,1.912,0.4,0.6,8,16,1,0.0676413488243,0.00966498815348,-0.949999951776,33.7383000866,6,5.62305001443,4.51499106449,16,0.282186941531,-2.03028192507,../output/pass2_vs_pass1_model_comparison/pass1_pass2_bsa_comparison/10p2_GeV_Sp19_Inb/bsa_004_10p2_GeV_Sp19_Inb_xB_0p09_0p118_Q2_1p456_1p912_t_0p4_0p6.png
Sp19 Inb,0.09,0.118,1.456,1.912,0.6,0.8,2,12,0,0,0,0,0,0,,0,0,,0,../output/pass2_vs_pass1_model_comparison/pass1_pass2_bsa_comparison/10p2_GeV_Sp19_Inb/bsa_005_10p2_GeV_Sp19_Inb_xB_0p09_0p118_Q2_1p456_1p912_t_0p6_0p8.png
Sp19 Inb,0.118,0.155,1.456,1.912,0.11,0.15,3,16,1,0.37618302261,0.235944523946,0.949999951776,4.08406874921,1,4.08406874921,143.106505224,16,8.94415657653,22.4694679443,../output/pass2_vs_pass1_model_comparison/pass1_pass2_bsa_comparison/10p2_GeV_Sp19_Inb/bsa_006_10p2_GeV_Sp19_Inb_xB_0p118_0p155_Q2_1p456_1p912_t_0p11_0p15.png
Sp19 Inb,0.118,0.155,1.456,1.912,0.15,0.25,13,20,1,0.243103329795,0.0575668873267,-0.132899439342,16.9576287904,11,1.54160261731,18.2428261336,20,0.912141306679,-0.27783358314,../output/pass2_vs_pass1_model_comparison/pass1_pass2_bsa_comparison/10p2_GeV_Sp19_Inb/bsa_007_10p2_GeV_Sp19_Inb_xB_0p118_0p155_Q2_1p456_1p912_t_0p15_0p25.png
Sp19 Inb,0.118,0.155,1.456,1.912,0.25,0.4,11,20,1,0.453195141332,0.0562272698532,0.318989964201,53.7353570835,9,5.9705952315,41.0070872768,20,2.05035436384,3.32151214003,../output/pass2_vs_pass1_model_comparison/pass1_pass2_bsa_comparison/10p2_GeV_Sp19_Inb/bsa_008_10p2_GeV_Sp19_Inb_xB_0p118_0p155_Q2_1p456_1p912_t_0p25_0p4.png
Sp19 Inb,0.118,0.155,1.456,1.912,0.4,0.6,6,16,1,0.113077092813,0.0505677331997,-0.304003350348,14.899541981,4,3.72488549525,28.4178185244,16,1.77611365777,2.19518092153,../output/pass2_vs_pass1_model_comparison/pass1_pass2_bsa_comparison/10p2_GeV_Sp19_Inb/bsa_009_10p2_GeV_Sp19_Inb_xB_0p118_0p155_Q2_1p456_1p912_t_0p4_0p6.png
Sp19 Inb,0.118,0.155,1.456,1.912,0.6,0.8,2,14,0,0,0,0,0,0,,0,0,,0,../output/pass2_vs_pass1_model_comparison/pass1_pass2_bsa_comparison/10p2_GeV_Sp19_Inb/bsa_010_10p2_GeV_Sp19_Inb_xB_0p118_0p155_Q2_1p456_1p912_t_0p6_0p8.png
Sp19 Inb,0.118,0.155,1.456,1.912,0.8,1,10,9,1,0.132637050978,0.146061125218,0.949999951776,23.769015271,8,2.97112690887,17.7485710126,9,1.97206344584,2.0620579629,../output/pass2_vs_pass1_model_comparison/pass1_pass2_bsa_comparison/10p2_GeV_Sp19_Inb/bsa_011_10p2_GeV_Sp19_Inb_xB_0p118_0p155_Q2_1p456_1p912_t_0p8_1.png
Sp19 Inb,0.118,0.155,1.912,2.51,0.11,0.15,0,13,0,0,0,0,0,0,,0,0,,0,../output/pass2_vs_pass1_model_comparison/pass1_pass2_bsa_comparison/10p2_GeV_Sp19_Inb/bsa_012_10p2_GeV_Sp19_Inb_xB_0p118_0p155_Q2_1p912_2p51_t_0p11_0p15.png
Sp19 Inb,0.118,0.155,1.912,2.51,0.15,0.25,17,20,1,0.264119567436,0.0247910846931,0.141106688573,33.3451972322,15,2.22301314882,26.4030234684,20,1.32015117342,1.01240690358,../output/pass2_vs_pass1_model_comparison/pass1_pass2_bsa_comparison/10p2_GeV_Sp19_Inb/bsa_013_10p2_GeV_Sp19_Inb_xB_0p118_0p155_Q2_1p912_2p51_t_0p15_0p25.png
Sp19 Inb,0.118,0.155,1.912,2.51,0.25,0.4,15,18,1,0.306172745163,0.024893226267,0.301738582588,36.2285986093,13,2.78681527764,18.2869275345,18,1.01594041858,0.047821255746,../output/pass2_vs_pass1_model_comparison/pass1_pass2_bsa_comparison/10p2_GeV_Sp19_Inb/bsa_014_10p2_GeV_Sp19_Inb_xB_0p118_0p155_Q2_1p912_2p51_t_0p25_0p4.png
Sp19 Inb,0.118,0.155,1.912,2.51,0.4,0.6,10,16,1,0.163065862268,0.0254562547213,-0.181936864579,33.7844996167,8,4.22306245209,30.5775010553,16,1.91109381596,2.57696246225,../output/pass2_vs_pass1_model_comparison/pass1_pass2_bsa_comparison/10p2_GeV_Sp19_Inb/bsa_015_10p2_GeV_Sp19_Inb_xB_0p118_0p155_Q2_1p912_2p51_t_0p4_0p6.png
Sp19 Inb,0.118,0.155,1.912,2.51,0.6,0.8,0,13,0,0,0,0,0,0,,0,0,,0,../output/pass2_vs_pass1_model_comparison/pass1_pass2_bsa_comparison/10p2_GeV_Sp19_Inb/bsa_016_10p2_GeV_Sp19_Inb_xB_0p118_0p155_Q2_1p912_2p51_t_0p6_0p8.png
Sp19 Inb,0.155,0.204,1.456,1.912,0.11,0.15,0,7,0,0,0,0,0,0,,0,0,,0,../output/pass2_vs_pass1_model_comparison/pass1_pass2_bsa_comparison/10p2_GeV_Sp19_Inb/bsa_017_10p2_GeV_Sp19_Inb_xB_0p155_0p204_Q2_1p456_1p912_t_0p11_0p15.png
Sp19 Inb,0.155,0.204,1.456,1.912,0.15,0.25,3,17,1,0.338239623613,0.0458696707252,0.425269158425,1.95852766327,1,1.95852766327,11.6898465934,17,0.687638034907,-0.910683796118,../output/pass2_vs_pass1_model_comparison/pass1_pass2_bsa_comparison/10p2_GeV_Sp19_Inb/bsa_018_10p2_GeV_Sp19_Inb_xB_0p155_0p204_Q2_1p456_1p912_t_0p15_0p25.png
Sp19 Inb,0.155,0.204,1.456,1.912,0.25,0.4,4,14,1,0.0447500461103,0.0192478325428,0.949999951776,7.99642359532,2,3.99821179766,21.24461074,14,1.51747219571,1.36910274024,../output/pass2_vs_pass1_model_comparison/pass1_pass2_bsa_comparison/10p2_GeV_Sp19_Inb/bsa_019_10p2_GeV_Sp19_Inb_xB_0p155_0p204_Q2_1p456_1p912_t_0p25_0p4.png
Sp19 Inb,0.155,0.204,1.456,1.912,0.4,0.6,4,15,1,-0.0313274315874,0.0519600138135,-0.784451267468,0.914311140272,2,0.457155570136,43.3825371528,15,2.89216914352,5.18191861261,../output/pass2_vs_pass1_model_comparison/pass1_pass2_bsa_comparison/10p2_GeV_Sp19_Inb/bsa_020_10p2_GeV_Sp19_Inb_xB_0p155_0p204_Q2_1p456_1p912_t_0p4_0p6.png
Sp19 Inb,0.155,0.204,1.456,1.912,0.6,0.8,0,14,0,0,0,0,0,0,,0,0,,0,../output/pass2_vs_pass1_model_comparison/pass1_pass2_bsa_comparison/10p2_GeV_Sp19_Inb/bsa_021_10p2_GeV_Sp19_Inb_xB_0p155_0p204_Q2_1p456_1p912_t_0p6_0p8.png
Sp19 Inb,0.155,0.204,1.456,1.912,0.8,1,0,5,0,0,0,0,0,0,,0,0,,0,../output/pass2_vs_pass1_model_comparison/pass1_pass2_bsa_comparison/10p2_GeV_Sp19_Inb/bsa_022_10p2_GeV_Sp19_Inb_xB_0p155_0p204_Q2_1p456_1p912_t_0p8_1.png
Sp19 Inb,0.155,0.204,1.912,2.51,0.11,0.15,0,10,0,0,0,0,0,0,,0,0,,0,../output/pass2_vs_pass1_model_comparison/pass1_pass2_bsa_comparison/10p2_GeV_Sp19_Inb/bsa_023_10p2_GeV_Sp19_Inb_xB_0p155_0p204_Q2_1p912_2p51_t_0p11_0p15.png
Sp19 Inb,0.155,0.204,1.912,2.51,0.15,0.25,16,21,1,0.343194820531,0.0261117641109,0.0327628102757,37.966161908,14,2.71186870772,35.2919555118,21,1.68056931009,2.20529661298,../output/pass2_vs_pass1_model_comparison/pass1_pass2_bsa_comparison/10p2_GeV_Sp19_Inb/bsa_024_10p2_GeV_Sp19_Inb_xB_0p155_0p204_Q2_1p912_2p51_t_0p15_0p25.png
Sp19 Inb,0.155,0.204,1.912,2.51,0.25,0.4,17,23,1,0.157133042476,0.0204379385562,-0.613634477609,28.9917484845,15,1.9327832323,25.3182435059,23,1.10079319591,0.341806357356,../output/pass2_vs_pass1_model_comparison/pass1_pass2_bsa_comparison/10p2_GeV_Sp19_Inb/bsa_025_10p2_GeV_Sp19_Inb_xB_0p155_0p204_Q2_1p912_2p51_t_0p25_0p4.png
Sp19 Inb,0.155,0.204,1.912,2.51,0.4,0.6,10,18,1,0.209227946775,0.0453704109951,0.112704590613,16.2373617857,8,2.02967022322,12.7012435929,18,0.705624644049,-0.883126067853,../output/pass2_vs_pass1_model_comparison/pass1_pass2_bsa_comparison/10p2_GeV_Sp19_Inb/bsa_026_10p2_GeV_Sp19_Inb_xB_0p155_0p204_Q2_1p912_2p51_t_0p4_0p6.png
Sp19 Inb,0.155,0.204,1.912,2.51,0.6,0.8,4,13,1,0.259931520394,0.0633158193885,0.534823022919,3.71230130188,2,1.85615065094,26.6654214874,13,2.05118626826,2.68000964714,../output/pass2_vs_pass1_model_comparison/pass1_pass2_bsa_comparison/10p2_GeV_Sp19_Inb/bsa_027_10p2_GeV_Sp19_Inb_xB_0p155_0p204_Q2_1p912_2p51_t_0p6_0p8.png
Sp19 Inb,0.155,0.204,1.912,2.51,0.8,1,9,12,1,0.0496842251473,0.0697127952064,0.949999951776,3.21516204292,7,0.459308863275,12.1896970788,12,1.0158080899,0.0387217540679,../output/pass2_vs_pass1_model_comparison/pass1_pass2_bsa_comparison/10p2_GeV_Sp19_Inb/bsa_028_10p2_GeV_Sp19_Inb_xB_0p155_0p204_Q2_1p912_2p51_t_0p8_1.png
Sp19 Inb,0.155,0.204,2.51,3.295,0.15,0.25,13,20,1,0.255859534837,0.0368186658143,0.359198584871,15.8220824001,11,1.43837112728,29.1816282786,20,1.45908141393,1.45174289947,../output/pass2_vs_pass1_model_comparison/pass1_pass2_bsa_comparison/10p2_GeV_Sp19_Inb/bsa_029_10p2_GeV_Sp19_Inb_xB_0p155_0p204_Q2_2p51_3p295_t_0p15_0p25.png
Sp19 Inb,0.155,0.204,2.51,3.295,0.25,0.4,16,23,1,0.280185582242,0.0266150931121,0.097555585425,34.1608590002,14,2.44006135716,26.9533074204,23,1.17188293132,0.582883379344,../output/pass2_vs_pass1_model_comparison/pass1_pass2_bsa_comparison/10p2_GeV_Sp19_Inb/bsa_030_10p2_GeV_Sp19_Inb_xB_0p155_0p204_Q2_2p51_3p295_t_0p25_0p4.png
Sp19 Inb,0.155,0.204,2.51,3.295,0.4,0.6,9,15,1,0.208083944868,0.0473481341992,0.356224421895,11.9661698285,7,1.70945283264,16.2642422273,15,1.08428281515,0.230817995348,../output/pass2_vs_pass1_model_comparison/pass1_pass2_bsa_comparison/10p2_GeV_Sp19_Inb/bsa_031_10p2_GeV_Sp19_Inb_xB_0p155_0p204_Q2_2p51_3p295_t_0p4_0p6.png
Sp19 Inb,0.155,0.204,2.51,3.295,0.6,0.8,3,13,1,0.13174706138,0.028694962539,-0.687896409268,0.481827303276,1,0.481827303276,23.9300861316,13,1.84077585628,2.14356624886,../output/pass2_vs_pass1_model_comparison/pass1_pass2_bsa_comparison/10p2_GeV_Sp19_Inb/bsa_032_10p2_GeV_Sp19_Inb_xB_0p155_0p204_Q2_2p51_3p295_t_0p6_0p8.png
Sp19 Inb,0.204,0.268,1.456,1.912,0.15,0.25,5,10,1,0.652805356772,0.0781669731887,0.289836823004,7.61307771082,3,2.53769257027,28.0585739725,10,2.80585739725,4.03801989792,../output/pass2_vs_pass1_model_comparison/pass1_pass2_bsa_comparison/10p2_GeV_Sp19_Inb/bsa_033_10p2_GeV_Sp19_Inb_xB_0p204_0p268_Q2_1p456_1p912_t_0p15_0p25.png
Sp19 Inb,0.204,0.268,1.456,1.912,0.25,0.4,0,9,0,0,0,0,0,0,,0,0,,0,../output/pass2_vs_pass1_model_comparison/pass1_pass2_bsa_comparison/10p2_GeV_Sp19_Inb/bsa_034_10p2_GeV_Sp19_Inb_xB_0p204_0p268_Q2_1p456_1p912_t_0p25_0p4.png
Sp19 Inb,0.204,0.268,1.456,1.912,0.4,0.6,0,6,0,0,0,0,0,0,,0,0,,0,../output/pass2_vs_pass1_model_comparison/pass1_pass2_bsa_comparison/10p2_GeV_Sp19_Inb/bsa_035_10p2_GeV_Sp19_Inb_xB_0p204_0p268_Q2_1p456_1p912_t_0p4_0p6.png
Sp19 Inb,0.204,0.268,1.456,1.912,0.6,0.8,0,5,0,0,0,0,0,0,,0,0,,0,../output/pass2_vs_pass1_model_comparison/pass1_pass2_bsa_comparison/10p2_GeV_Sp19_Inb/bsa_036_10p2_GeV_Sp19_Inb_xB_0p204_0p268_Q2_1p456_1p912_t_0p6_0p8.png
Sp19 Inb,0.204,0.268,1.456,1.912,0.8,1,0,3,0,0,0,0,0,0,,0,0,,0,../output/pass2_vs_pass1_model_comparison/pass1_pass2_bsa_comparison/10p2_GeV_Sp19_Inb/bsa_037_10p2_GeV_Sp19_Inb_xB_0p204_0p268_Q2_1p456_1p912_t_0p8_1.png
Sp19 Inb,0.204,0.268,1.912,2.51,0.15,0.25,4,15,1,0.119736133831,0.0225962625183,-0.894630580034,2.85271984563,2,1.42635992282,15.8561525382,15,1.05707683588,0.156311352618,../output/pass2_vs_pass1_model_comparison/pass1_pass2_bsa_comparison/10p2_GeV_Sp19_Inb/bsa_038_10p2_GeV_Sp19_Inb_xB_0p204_0p268_Q2_1p912_2p51_t_0p15_0p25.png
Sp19 Inb,0.204,0.268,1.912,2.51,0.25,0.4,4,18,1,0.250237472117,0.0514471300262,-0.114691784234,1.45885558857,2,0.729427794283,13.8345307192,18,0.768585039957,-0.69424488013,../output/pass2_vs_pass1_model_comparison/pass1_pass2_bsa_comparison/10p2_GeV_Sp19_Inb/bsa_039_10p2_GeV_Sp19_Inb_xB_0p204_0p268_Q2_1p912_2p51_t_0p25_0p4.png
Sp19 Inb,0.204,0.268,1.912,2.51,0.4,0.6,4,15,1,0.109975750464,0.103916858044,-0.701201780774,2.29653010734,2,1.14826505367,18.1131072996,15,1.20754048664,0.568373030642,../output/pass2_vs_pass1_model_comparison/pass1_pass2_bsa_comparison/10p2_GeV_Sp19_Inb/bsa_040_10p2_GeV_Sp19_Inb_xB_0p204_0p268_Q2_1p912_2p51_t_0p4_0p6.png
Sp19 Inb,0.204,0.268,1.912,2.51,0.6,0.8,1,13,0,0,0,0,0,0,,0,0,,0,../output/pass2_vs_pass1_model_comparison/pass1_pass2_bsa_comparison/10p2_GeV_Sp19_Inb/bsa_041_10p2_GeV_Sp19_Inb_xB_0p204_0p268_Q2_1p912_2p51_t_0p6_0p8.png
Sp19 Inb,0.204,0.268,1.912,2.51,0.8,1,4,10,1,0.145615610034,0.098902684523,-0.0729067479475,0.619064076886,2,0.309532038443,15.8375960539,10,1.58375960539,1.30532616018,../output/pass2_vs_pass1_model_comparison/pass1_pass2_bsa_comparison/10p2_GeV_Sp19_Inb/bsa_042_10p2_GeV_Sp19_Inb_xB_0p204_0p268_Q2_1p912_2p51_t_0p8_1.png
Sp19 Inb,0.204,0.268,2.51,3.295,0.15,0.25,15,17,1,0.410493254487,0.026479854121,0.0582063470402,25.3156300743,13,1.94735615956,39.9998724312,17,2.35293367242,3.94444558041,../output/pass2_vs_pass1_model_comparison/pass1_pass2_bsa_comparison/10p2_GeV_Sp19_Inb/bsa_043_10p2_GeV_Sp19_Inb_xB_0p204_0p268_Q2_2p51_3p295_t_0p15_0p25.png
Sp19 Inb,0.204,0.268,2.51,3.295,0.25,0.4,19,22,1,0.311498470347,0.0272074472384,-0.196434585745,23.6175145854,17,1.38926556384,37.0186186003,22,1.68266448183,2.26414194394,../output/pass2_vs_pass1_model_comparison/pass1_pass2_bsa_comparison/10p2_GeV_Sp19_Inb/bsa_044_10p2_GeV_Sp19_Inb_xB_0p204_0p268_Q2_2p51_3p295_t_0p25_0p4.png
Sp19 Inb,0.204,0.268,2.51,3.295,0.4,0.6,0,22,0,0,0,0,0,0,,0,0,,0,../output/pass2_vs_pass1_model_comparison/pass1_pass2_bsa_comparison/10p2_GeV_Sp19_Inb/bsa_045_10p2_GeV_Sp19_Inb_xB_0p204_0p268_Q2_2p51_3p295_t_0p4_0p6.png
Sp19 Inb,0.204,0.268,2.51,3.295,0.6,0.8,15,17,1,0.27998931215,0.0394704800143,0.151103925078,27.9084149195,13,2.14680114766,9.39357439786,17,0.552563199874,-1.30449122876,../output/pass2_vs_pass1_model_comparison/pass1_pass2_bsa_comparison/10p2_GeV_Sp19_Inb/bsa_046_10p2_GeV_Sp19_Inb_xB_0p204_0p268_Q2_2p51_3p295_t_0p6_0p8.png
Sp19 Inb,0.204,0.268,2.51,3.295,0.8,1,8,12,1,0.0160305811112,0.0105390979869,-0.949999951776,6.86031987759,6,1.14338664627,11.9900459076,12,0.999170492301,-0.00203187059912,../output/pass2_vs_pass1_model_comparison/pass1_pass2_bsa_comparison/10p2_GeV_Sp19_Inb/bsa_047_10p2_GeV_Sp19_Inb_xB_0p204_0p268_Q2_2p51_3p295_t_0p8_1.png
Sp19 Inb,0.204,0.268,3.295,4.326,0.15,0.25,5,14,1,-0.0195110132372,0.0134146967419,-0.949999951776,10.250061554,3,3.41668718468,59.3154515727,14,4.23681796948,8.56381538643,../output/pass2_vs_pass1_model_comparison/pass1_pass2_bsa_comparison/10p2_GeV_Sp19_Inb/bsa_048_10p2_GeV_Sp19_Inb_xB_0p204_0p268_Q2_3p295_4p326_t_0p15_0p25.png
Sp19 Inb,0.204,0.268,3.295,4.326,0.25,0.4,7,21,1,0.036104384837,0.00668678612683,-0.949999951776,8.18534335163,5,1.63706867033,27.1279092518,21,1.29180520247,0.945556925819,../output/pass2_vs_pass1_model_comparison/pass1_pass2_bsa_comparison/10p2_GeV_Sp19_Inb/bsa_049_10p2_GeV_Sp19_Inb_xB_0p204_0p268_Q2_3p295_4p326_t_0p25_0p4.png
Sp19 Inb,0.204,0.268,3.295,4.326,0.4,0.6,0,19,0,0,0,0,0,0,,0,0,,0,../output/pass2_vs_pass1_model_comparison/pass1_pass2_bsa_comparison/10p2_GeV_Sp19_Inb/bsa_050_10p2_GeV_Sp19_Inb_xB_0p204_0p268_Q2_3p295_4p326_t_0p4_0p6.png
Sp19 Inb,0.204,0.268,3.295,4.326,0.6,0.8,3,11,1,0.591820698963,0.109175174439,0.949999951776,0.466624128887,1,0.466624128887,60.2938334987,11,5.48125759079,10.5094806138,../output/pass2_vs_pass1_model_comparison/pass1_pass2_bsa_comparison/10p2_GeV_Sp19_Inb/bsa_051_10p2_GeV_Sp19_Inb_xB_0p204_0p268_Q2_3p295_4p326_t_0p6_0p8.png
Sp19 Inb,0.268,0.357,1.456,1.912,0.15,0.25,0,4,0,0,0,0,0,0,,0,0,,0,../output/pass2_vs_pass1_model_comparison/pass1_pass2_bsa_comparison/10p2_GeV_Sp19_Inb/bsa_052_10p2_GeV_Sp19_Inb_xB_0p268_0p357_Q2_1p456_1p912_t_0p15_0p25.png
Sp19 Inb,0.268,0.357,1.456,1.912,0.25,0.4,0,6,0,0,0,0,0,0,,0,0,,0,../output/pass2_vs_pass1_model_comparison/pass1_pass2_bsa_comparison/10p2_GeV_Sp19_Inb/bsa_053_10p2_GeV_Sp19_Inb_xB_0p268_0p357_Q2_1p456_1p912_t_0p25_0p4.png
Sp19 Inb,0.268,0.357,1.456,1.912,0.4,0.6,0,4,0,0,0,0,0,0,,0,0,,0,../output/pass2_vs_pass1_model_comparison/pass1_pass2_bsa_comparison/10p2_GeV_Sp19_Inb/bsa_054_10p2_GeV_Sp19_Inb_xB_0p268_0p357_Q2_1p456_1p912_t_0p4_0p6.png
Sp19 Inb,0.268,0.357,1.456,1.912,0.6,0.8,0,1,0,0,0,0,0,0,,0,0,,0,../output/pass2_vs_pass1_model_comparison/pass1_pass2_bsa_comparison/10p2_GeV_Sp19_Inb/bsa_055_10p2_GeV_Sp19_Inb_xB_0p268_0p357_Q2_1p456_1p912_t_0p6_0p8.png
Sp19 Inb,0.268,0.357,1.912,2.51,0.15,0.25,10,8,1,0.457076460028,0.0725120148793,0.949999951776,19.1892503058,8,2.39865628823,6.53353167643,8,0.816691459554,-0.366617080891,../output/pass2_vs_pass1_model_comparison/pass1_pass2_bsa_comparison/10p2_GeV_Sp19_Inb/bsa_056_10p2_GeV_Sp19_Inb_xB_0p268_0p357_Q2_1p912_2p51_t_0p15_0p25.png
Sp19 Inb,0.268,0.357,1.912,2.51,0.25,0.4,8,12,1,0.299203713206,0.0499212285115,-0.498287162287,9.98660734707,6,1.66443455784,19.216925986,12,1.60141049883,1.47314884809,../output/pass2_vs_pass1_model_comparison/pass1_pass2_bsa_comparison/10p2_GeV_Sp19_Inb/bsa_057_10p2_GeV_Sp19_Inb_xB_0p268_0p357_Q2_1p912_2p51_t_0p25_0p4.png
Sp19 Inb,0.268,0.357,1.912,2.51,0.4,0.6,2,10,0,0,0,0,0,0,,0,0,,0,../output/pass2_vs_pass1_model_comparison/pass1_pass2_bsa_comparison/10p2_GeV_Sp19_Inb/bsa_058_10p2_GeV_Sp19_Inb_xB_0p268_0p357_Q2_1p912_2p51_t_0p4_0p6.png
Sp19 Inb,0.268,0.357,1.912,2.51,0.6,0.8,5,1,1,-0.0275880151728,0.0284649765747,0.949999951776,8.16539732803,3,2.72179910934,0.0669757145664,1,0.0669757145664,-0.659747799242,../output/pass2_vs_pass1_model_comparison/pass1_pass2_bsa_comparison/10p2_GeV_Sp19_Inb/bsa_059_10p2_GeV_Sp19_Inb_xB_0p268_0p357_Q2_1p912_2p51_t_0p6_0p8.png
Sp19 Inb,0.268,0.357,1.912,2.51,0.8,1,0,1,0,0,0,0,0,0,,0,0,,0,../output/pass2_vs_pass1_model_comparison/pass1_pass2_bsa_comparison/10p2_GeV_Sp19_Inb/bsa_060_10p2_GeV_Sp19_Inb_xB_0p268_0p357_Q2_1p912_2p51_t_0p8_1.png
Sp19 Inb,0.268,0.357,2.51,3.295,0.15,0.25,4,10,1,0.348121482725,0.0437003194524,-0.419143009487,2.4325422347,2,1.21627111735,11.3495317471,10,1.13495317471,0.301764472422,../output/pass2_vs_pass1_model_comparison/pass1_pass2_bsa_comparison/10p2_GeV_Sp19_Inb/bsa_061_10p2_GeV_Sp19_Inb_xB_0p268_0p357_Q2_2p51_3p295_t_0p15_0p25.png
Sp19 Inb,0.268,0.357,2.51,3.295,0.25,0.4,1,13,0,0,0,0,0,0,,0,0,,0,../output/pass2_vs_pass1_model_comparison/pass1_pass2_bsa_comparison/10p2_GeV_Sp19_Inb/bsa_062_10p2_GeV_Sp19_Inb_xB_0p268_0p357_Q2_2p51_3p295_t_0p25_0p4.png
Sp19 Inb,0.268,0.357,2.51,3.295,0.4,0.6,0,9,0,0,0,0,0,0,,0,0,,0,../output/pass2_vs_pass1_model_comparison/pass1_pass2_bsa_comparison/10p2_GeV_Sp19_Inb/bsa_063_10p2_GeV_Sp19_Inb_xB_0p268_0p357_Q2_2p51_3p295_t_0p4_0p6.png
Sp19 Inb,0.268,0.357,2.51,3.295,0.6,0.8,2,8,0,0,0,0,0,0,,0,0,,0,../output/pass2_vs_pass1_model_comparison/pass1_pass2_bsa_comparison/10p2_GeV_Sp19_Inb/bsa_064_10p2_GeV_Sp19_Inb_xB_0p268_0p357_Q2_2p51_3p295_t_0p6_0p8.png
Sp19 Inb,0.268,0.357,2.51,3.295,0.8,1,5,4,1,0.058193952531,0.0372125215514,-0.902428429687,3.98466265358,3,1.32822088453,1.12536289822,4,0.281340724554,-1.01633769406,../output/pass2_vs_pass1_model_comparison/pass1_pass2_bsa_comparison/10p2_GeV_Sp19_Inb/bsa_065_10p2_GeV_Sp19_Inb_xB_0p268_0p357_Q2_2p51_3p295_t_0p8_1.png
Sp19 Inb,0.268,0.357,3.295,4.326,0.25,0.4,17,11,1,0.239481781866,0.0266328344368,-0.225758363227,14.3464067593,15,0.956427117289,1.62596800615,11,0.147815273287,-1.99855033623,../output/pass2_vs_pass1_model_comparison/pass1_pass2_bsa_comparison/10p2_GeV_Sp19_Inb/bsa_066_10p2_GeV_Sp19_Inb_xB_0p268_0p357_Q2_3p295_4p326_t_0p25_0p4.png
Sp19 Inb,0.268,0.357,3.295,4.326,0.4,0.6,1,13,0,0,0,0,0,0,,0,0,,0,../output/pass2_vs_pass1_model_comparison/pass1_pass2_bsa_comparison/10p2_GeV_Sp19_Inb/bsa_067_10p2_GeV_Sp19_Inb_xB_0p268_0p357_Q2_3p295_4p326_t_0p4_0p6.png
Sp19 Inb,0.268,0.357,3.295,4.326,0.6,0.8,12,11,1,0.218753433082,0.0359384922647,-0.265906846009,26.4178185032,10,2.64178185032,2.89630263197,11,0.26330023927,-1.72771408399,../output/pass2_vs_pass1_model_comparison/pass1_pass2_bsa_comparison/10p2_GeV_Sp19_Inb/bsa_068_10p2_GeV_Sp19_Inb_xB_0p268_0p357_Q2_3p295_4p326_t_0p6_0p8.png
Sp19 Inb,0.268,0.357,3.295,4.326,0.8,1,9,9,1,0.0687140131862,0.0136898534457,-0.887430495273,15.9089653524,7,2.27270933606,16.3394118153,9,1.8154902017,1.72991595484,../output/pass2_vs_pass1_model_comparison/pass1_pass2_bsa_comparison/10p2_GeV_Sp19_Inb/bsa_069_10p2_GeV_Sp19_Inb_xB_0p268_0p357_Q2_3p295_4p326_t_0p8_1.png
Sp19 Inb,0.268,0.357,4.326,5.761,0.25,0.4,0,9,0,0,0,0,0,0,,0,0,,0,../output/pass2_vs_pass1_model_comparison/pass1_pass2_bsa_comparison/10p2_GeV_Sp19_Inb/bsa_070_10p2_GeV_Sp19_Inb_xB_0p268_0p357_Q2_4p326_5p761_t_0p25_0p4.png
Sp19 Inb,0.268,0.357,4.326,5.761,0.4,0.6,0,10,0,0,0,0,0,0,,0,0,,0,../output/pass2_vs_pass1_model_comparison/pass1_pass2_bsa_comparison/10p2_GeV_Sp19_Inb/bsa_071_10p2_GeV_Sp19_Inb_xB_0p268_0p357_Q2_4p326_5p761_t_0p4_0p6.png
Sp19 Inb,0.357,0.446,1.912,2.51,0.25,0.4,0,8,0,0,0,0,0,0,,0,0,,0,../output/pass2_vs_pass1_model_comparison/pass1_pass2_bsa_comparison/10p2_GeV_Sp19_Inb/bsa_072_10p2_GeV_Sp19_Inb_xB_0p357_0p446_Q2_1p912_2p51_t_0p25_0p4.png
Sp19 Inb,0.357,0.446,1.912,2.51,0.4,0.6,0,5,0,0,0,0,0,0,,0,0,,0,../output/pass2_vs_pass1_model_comparison/pass1_pass2_bsa_comparison/10p2_GeV_Sp19_Inb/bsa_073_10p2_GeV_Sp19_Inb_xB_0p357_0p446_Q2_1p912_2p51_t_0p4_0p6.png
Sp19 Inb,0.357,0.446,2.51,3.295,0.25,0.4,12,10,1,0.252780873922,0.0538001740921,0.588270048157,19.9842695654,10,1.99842695654,5.69312030517,10,0.569312030517,-0.963047576855,../output/pass2_vs_pass1_model_comparison/pass1_pass2_bsa_comparison/10p2_GeV_Sp19_Inb/bsa_074_10p2_GeV_Sp19_Inb_xB_0p357_0p446_Q2_2p51_3p295_t_0p25_0p4.png
Sp19 Inb,0.357,0.446,2.51,3.295,0.4,0.6,10,9,1,0.162603383964,0.0277853106326,-0.805248242632,8.60298596069,8,1.07537324509,2.47938951229,9,0.275487723588,-1.53692263111,../output/pass2_vs_pass1_model_comparison/pass1_pass2_bsa_comparison/10p2_GeV_Sp19_Inb/bsa_075_10p2_GeV_Sp19_Inb_xB_0p357_0p446_Q2_2p51_3p295_t_0p4_0p6.png
Sp19 Inb,0.357,0.446,2.51,3.295,0.6,0.8,8,6,1,0.33494467955,0.0447620983896,-0.763577387188,49.1130405794,6,8.18550676324,16.524203435,6,2.75403390583,3.0380758431,../output/pass2_vs_pass1_model_comparison/pass1_pass2_bsa_comparison/10p2_GeV_Sp19_Inb/bsa_076_10p2_GeV_Sp19_Inb_xB_0p357_0p446_Q2_2p51_3p295_t_0p6_0p8.png
Sp19 Inb,0.357,0.446,3.295,4.326,0.25,0.4,19,7,1,0.317106270111,0.0371701417169,0.427396845706,34.433983106,17,2.025528418,9.27792884617,7,1.3254184066,0.608802092415,../output/pass2_vs_pass1_model_comparison/pass1_pass2_bsa_comparison/10p2_GeV_Sp19_Inb/bsa_077_10p2_GeV_Sp19_Inb_xB_0p357_0p446_Q2_3p295_4p326_t_0p25_0p4.png
Sp19 Inb,0.357,0.446,3.295,4.326,0.4,0.6,15,10,1,0.342434970305,0.0348662868191,-0.227576115423,19.9302270418,13,1.53309438783,6.14013269811,10,0.614013269811,-0.863092567115,../output/pass2_vs_pass1_model_comparison/pass1_pass2_bsa_comparison/10p2_GeV_Sp19_Inb/bsa_078_10p2_GeV_Sp19_Inb_xB_0p357_0p446_Q2_3p295_4p326_t_0p4_0p6.png
Sp19 Inb,0.357,0.446,3.295,4.326,0.6,0.8,11,7,1,0.111958815718,0.0239500797508,-0.856950426229,4.95088871456,9,0.550098746062,7.04002260771,7,1.00571751539,0.0106964918401,../output/pass2_vs_pass1_model_comparison/pass1_pass2_bsa_comparison/10p2_GeV_Sp19_Inb/bsa_079_10p2_GeV_Sp19_Inb_xB_0p357_0p446_Q2_3p295_4p326_t_0p6_0p8.png
Sp19 Inb,0.357,0.446,3.295,4.326,0.8,1,14,4,1,0.172727565024,0.0441485913095,-0.686660292402,25.3280934825,12,2.11067445687,2.4070635204,4,0.601765880099,-0.563188093364,../output/pass2_vs_pass1_model_comparison/pass1_pass2_bsa_comparison/10p2_GeV_Sp19_Inb/bsa_080_10p2_GeV_Sp19_Inb_xB_0p357_0p446_Q2_3p295_4p326_t_0p8_1.png
Sp19 Inb,0.357,0.446,4.326,5.761,0.25,0.4,2,6,0,0,0,0,0,0,,0,0,,0,../output/pass2_vs_pass1_model_comparison/pass1_pass2_bsa_comparison/10p2_GeV_Sp19_Inb/bsa_081_10p2_GeV_Sp19_Inb_xB_0p357_0p446_Q2_4p326_5p761_t_0p25_0p4.png
Sp19 Inb,0.357,0.446,4.326,5.761,0.4,0.6,1,9,0,0,0,0,0,0,,0,0,,0,../output/pass2_vs_pass1_model_comparison/pass1_pass2_bsa_comparison/10p2_GeV_Sp19_Inb/bsa_082_10p2_GeV_Sp19_Inb_xB_0p357_0p446_Q2_4p326_5p761_t_0p4_0p6.png
Sp19 Inb,0.357,0.446,4.326,5.761,0.6,0.8,2,8,0,0,0,0,0,0,,0,0,,0,../output/pass2_vs_pass1_model_comparison/pass1_pass2_bsa_comparison/10p2_GeV_Sp19_Inb/bsa_083_10p2_GeV_Sp19_Inb_xB_0p357_0p446_Q2_4p326_5p761_t_0p6_0p8.png
Sp19 Inb,0.446,0.581,2.51,3.295,0.4,0.6,0,3,0,0,0,0,0,0,,0,0,,0,../output/pass2_vs_pass1_model_comparison/pass1_pass2_bsa_comparison/10p2_GeV_Sp19_Inb/bsa_084_10p2_GeV_Sp19_Inb_xB_0p446_0p581_Q2_2p51_3p295_t_0p4_0p6.png
Sp19 Inb,0.446,0.581,2.51,3.295,0.6,0.8,0,3,0,0,0,0,0,0,,0,0,,0,../output/pass2_vs_pass1_model_comparison/pass1_pass2_bsa_comparison/10p2_GeV_Sp19_Inb/bsa_085_10p2_GeV_Sp19_Inb_xB_0p446_0p581_Q2_2p51_3p295_t_0p6_0p8.png
Sp19 Inb,0.446,0.581,3.295,4.326,0.4,0.6,0,4,0,0,0,0,0,0,,0,0,,0,../output/pass2_vs_pass1_model_comparison/pass1_pass2_bsa_comparison/10p2_GeV_Sp19_Inb/bsa_086_10p2_GeV_Sp19_Inb_xB_0p446_0p581_Q2_3p295_4p326_t_0p4_0p6.png
Sp19 Inb,0.446,0.581,3.295,4.326,0.6,0.8,0,5,0,0,0,0,0,0,,0,0,,0,../output/pass2_vs_pass1_model_comparison/pass1_pass2_bsa_comparison/10p2_GeV_Sp19_Inb/bsa_087_10p2_GeV_Sp19_Inb_xB_0p446_0p581_Q2_3p295_4p326_t_0p6_0p8.png
Sp19 Inb,0.446,0.581,3.295,4.326,0.8,1,0,2,0,0,0,0,0,0,,0,0,,0,../output/pass2_vs_pass1_model_comparison/pass1_pass2_bsa_comparison/10p2_GeV_Sp19_Inb/bsa_088_10p2_GeV_Sp19_Inb_xB_0p446_0p581_Q2_3p295_4p326_t_0p8_1.png
Sp19 Inb,0.446,0.581,4.326,5.761,0.4,0.6,8,2,1,0.193273467212,0.0586283277226,-0.266696421493,4.6368992609,6,0.772816543483,0.19731946883,2,0.098659734415,-0.901340265585,../output/pass2_vs_pass1_model_comparison/pass1_pass2_bsa_comparison/10p2_GeV_Sp19_Inb/bsa_089_10p2_GeV_Sp19_Inb_xB_0p446_0p581_Q2_4p326_5p761_t_0p4_0p6.png
Sp19 Inb,0.446,0.581,4.326,5.761,0.6,0.8,6,3,1,0.373906062884,0.0457133965474,-0.282409102611,4.11551741205,4,1.02887935301,3.21213407629,3,1.07071135876,0.0866033739965,../output/pass2_vs_pass1_model_comparison/pass1_pass2_bsa_comparison/10p2_GeV_Sp19_Inb/bsa_090_10p2_GeV_Sp19_Inb_xB_0p446_0p581_Q2_4p326_5p761_t_0p6_0p8.png
Sp19 Inb,0.446,0.581,4.326,5.761,0.8,1,12,4,1,0.124942793774,0.0658609657573,0.243884828042,14.1758116595,10,1.41758116595,4.29273843515,4,1.07318460879,0.103498666303,../output/pass2_vs_pass1_model_comparison/pass1_pass2_bsa_comparison/10p2_GeV_Sp19_Inb/bsa_091_10p2_GeV_Sp19_Inb_xB_0p446_0p581_Q2_4p326_5p761_t_0p8_1.png
