label,csv_file,period,sample,quantity,value,stat
S1,/Users/tbhayward/Desktop/dvcs cross sections/elec_sec1/output/dvcs_current_dependence/epg/period_summary.csv,Sp18 Inb,data,current_efficiency_factor,0.63944731351,0.0287348510799
S1,/Users/tbhayward/Desktop/dvcs cross sections/elec_sec1/output/dvcs_current_dependence/epg/period_summary.csv,Sp18 Inb,mc,current_efficiency_factor,0.864599969231,0.00271491419816
S1,/Users/tbhayward/Desktop/dvcs cross sections/elec_sec1/output/dvcs_current_dependence/epg/period_summary.csv,Sp18 Inb,data,slope_percent_per_nA,-0.737701477543,0.0587923565485
S1,/Users/tbhayward/Desktop/dvcs cross sections/elec_sec1/output/dvcs_current_dependence/epg/period_summary.csv,Sp18 Inb,mc,slope_percent_per_nA,-0.2708000615392372,0.005429828396310061
S1,/Users/tbhayward/Desktop/dvcs cross sections/elec_sec1/output/dvcs_current_dependence/epg/period_summary.csv,Sp18 Out,data,current_efficiency_factor,0.734159526736,0.0998654353908
S1,/Users/tbhayward/Desktop/dvcs cross sections/elec_sec1/output/dvcs_current_dependence/epg/period_summary.csv,Sp18 Out,mc,current_efficiency_factor,0.777184606084,0.00183360613426
S1,/Users/tbhayward/Desktop/dvcs cross sections/elec_sec1/output/dvcs_current_dependence/epg/period_summary.csv,Sp18 Out,data,slope_percent_per_nA,-0.594192027912,0.223213737339
S1,/Users/tbhayward/Desktop/dvcs cross sections/elec_sec1/output/dvcs_current_dependence/epg/period_summary.csv,Sp18 Out,mc,slope_percent_per_nA,-0.4951453198116297,0.004074680298368594
S1,/Users/tbhayward/Desktop/dvcs cross sections/elec_sec1/output/dvcs_current_dependence/epg/period_summary.csv,Fa18 Inb,data,current_efficiency_factor,0.756457093141,0.0345705311028
S1,/Users/tbhayward/Desktop/dvcs cross sections/elec_sec1/output/dvcs_current_dependence/epg/period_summary.csv,Fa18 Inb,mc,current_efficiency_factor,0.830049760909,0.00237558860892
S1,/Users/tbhayward/Desktop/dvcs cross sections/elec_sec1/output/dvcs_current_dependence/epg/period_summary.csv,Fa18 Inb,data,slope_percent_per_nA,-0.516232487344,0.0732783865077
S1,/Users/tbhayward/Desktop/dvcs cross sections/elec_sec1/output/dvcs_current_dependence/epg/period_summary.csv,Fa18 Inb,mc,slope_percent_per_nA,-0.33990047818120317,0.00475117721782493
S1,/Users/tbhayward/Desktop/dvcs cross sections/elec_sec1/output/dvcs_current_dependence/epg/period_summary.csv,Fa18 Out,data,current_efficiency_factor,0.828819218647,0.0227341193584
S1,/Users/tbhayward/Desktop/dvcs cross sections/elec_sec1/output/dvcs_current_dependence/epg/period_summary.csv,Fa18 Out,mc,current_efficiency_factor,0.829241171188,0.00131498697406
S1,/Users/tbhayward/Desktop/dvcs cross sections/elec_sec1/output/dvcs_current_dependence/epg/period_summary.csv,Fa18 Out,data,slope_percent_per_nA,-0.36966701092,0.0490946114551
S1,/Users/tbhayward/Desktop/dvcs cross sections/elec_sec1/output/dvcs_current_dependence/epg/period_summary.csv,Fa18 Out,mc,slope_percent_per_nA,-0.3415176576247081,0.0026299739481064725
S1,/Users/tbhayward/Desktop/dvcs cross sections/elec_sec1/output/dvcs_current_dependence/epg/period_summary.csv,Sp19 Inb,data,current_efficiency_factor,0.756457093141,0.0345705311028
S1,/Users/tbhayward/Desktop/dvcs cross sections/elec_sec1/output/dvcs_current_dependence/epg/period_summary.csv,Sp19 Inb,mc,current_efficiency_factor,0.830049760909,0.00237558860892
S1,/Users/tbhayward/Desktop/dvcs cross sections/elec_sec1/output/dvcs_current_dependence/epg/period_summary.csv,Sp19 Inb,data,slope_percent_per_nA,0.0,0.0
S1,/Users/tbhayward/Desktop/dvcs cross sections/elec_sec1/output/dvcs_current_dependence/epg/period_summary.csv,Sp19 Inb,mc,slope_percent_per_nA,-0.3383753047874262,0.004620285741394415
S2,/Users/tbhayward/Desktop/dvcs cross sections/elec_sec2/output/dvcs_current_dependence/epg/period_summary.csv,Sp18 Inb,data,current_efficiency_factor,0.643557370333,0.0296053657014
S2,/Users/tbhayward/Desktop/dvcs cross sections/elec_sec2/output/dvcs_current_dependence/epg/period_summary.csv,Sp18 Inb,mc,current_efficiency_factor,0.866242061583,0.00262867032436
S2,/Users/tbhayward/Desktop/dvcs cross sections/elec_sec2/output/dvcs_current_dependence/epg/period_summary.csv,Sp18 Inb,data,slope_percent_per_nA,-0.729250415615,0.0605699864305
S2,/Users/tbhayward/Desktop/dvcs cross sections/elec_sec2/output/dvcs_current_dependence/epg/period_summary.csv,Sp18 Inb,mc,slope_percent_per_nA,-0.2675158768334752,0.005257340648706214
S2,/Users/tbhayward/Desktop/dvcs cross sections/elec_sec2/output/dvcs_current_dependence/epg/period_summary.csv,Sp18 Out,data,current_efficiency_factor,0.730885774523,0.101979887012
S2,/Users/tbhayward/Desktop/dvcs cross sections/elec_sec2/output/dvcs_current_dependence/epg/period_summary.csv,Sp18 Out,mc,current_efficiency_factor,0.77262948314,0.00183204115154
S2,/Users/tbhayward/Desktop/dvcs cross sections/elec_sec2/output/dvcs_current_dependence/epg/period_summary.csv,Sp18 Out,data,slope_percent_per_nA,-0.60151563951,0.227942231015
S2,/Users/tbhayward/Desktop/dvcs cross sections/elec_sec2/output/dvcs_current_dependence/epg/period_summary.csv,Sp18 Out,mc,slope_percent_per_nA,-0.5052678152446655,0.004071202558974406
S2,/Users/tbhayward/Desktop/dvcs cross sections/elec_sec2/output/dvcs_current_dependence/epg/period_summary.csv,Fa18 Inb,data,current_efficiency_factor,0.810342637384,0.0394974981379
S2,/Users/tbhayward/Desktop/dvcs cross sections/elec_sec2/output/dvcs_current_dependence/epg/period_summary.csv,Fa18 Inb,mc,current_efficiency_factor,0.829974567266,0.00240763262852
S2,/Users/tbhayward/Desktop/dvcs cross sections/elec_sec2/output/dvcs_current_dependence/epg/period_summary.csv,Fa18 Inb,data,slope_percent_per_nA,-0.401731546332,0.0836634591157
S2,/Users/tbhayward/Desktop/dvcs cross sections/elec_sec2/output/dvcs_current_dependence/epg/period_summary.csv,Fa18 Inb,mc,slope_percent_per_nA,-0.340050865468361,0.004815265257037592
S2,/Users/tbhayward/Desktop/dvcs cross sections/elec_sec2/output/dvcs_current_dependence/epg/period_summary.csv,Fa18 Out,data,current_efficiency_factor,0.850926940092,0.023530760489
S2,/Users/tbhayward/Desktop/dvcs cross sections/elec_sec2/output/dvcs_current_dependence/epg/period_summary.csv,Fa18 Out,mc,current_efficiency_factor,0.831513798469,0.00132373208596
S2,/Users/tbhayward/Desktop/dvcs cross sections/elec_sec2/output/dvcs_current_dependence/epg/period_summary.csv,Fa18 Out,data,slope_percent_per_nA,-0.321816515313,0.0507978258977
S2,/Users/tbhayward/Desktop/dvcs cross sections/elec_sec2/output/dvcs_current_dependence/epg/period_summary.csv,Fa18 Out,mc,slope_percent_per_nA,-0.3369724030623682,0.0026474641719141136
S2,/Users/tbhayward/Desktop/dvcs cross sections/elec_sec2/output/dvcs_current_dependence/epg/period_summary.csv,Sp19 Inb,data,current_efficiency_factor,0.810342637384,0.0394974981379
S2,/Users/tbhayward/Desktop/dvcs cross sections/elec_sec2/output/dvcs_current_dependence/epg/period_summary.csv,Sp19 Inb,mc,current_efficiency_factor,0.829974567266,0.00240763262852
S2,/Users/tbhayward/Desktop/dvcs cross sections/elec_sec2/output/dvcs_current_dependence/epg/period_summary.csv,Sp19 Inb,data,slope_percent_per_nA,0.0,0.0
S2,/Users/tbhayward/Desktop/dvcs cross sections/elec_sec2/output/dvcs_current_dependence/epg/period_summary.csv,Sp19 Inb,mc,slope_percent_per_nA,-0.33341653693104556,0.004753175829707931
S3,/Users/tbhayward/Desktop/dvcs cross sections/elec_sec3/output/dvcs_current_dependence/epg/period_summary.csv,Sp18 Inb,data,current_efficiency_factor,0.584011197103,0.0239484628423
S3,/Users/tbhayward/Desktop/dvcs cross sections/elec_sec3/output/dvcs_current_dependence/epg/period_summary.csv,Sp18 Inb,mc,current_efficiency_factor,0.863346492122,0.00250923434037
S3,/Users/tbhayward/Desktop/dvcs cross sections/elec_sec3/output/dvcs_current_dependence/epg/period_summary.csv,Sp18 Inb,data,slope_percent_per_nA,-0.851852396698,0.0490411167979
S3,/Users/tbhayward/Desktop/dvcs cross sections/elec_sec3/output/dvcs_current_dependence/epg/period_summary.csv,Sp18 Inb,mc,slope_percent_per_nA,-0.2733070157554099,0.005018468680751568
S3,/Users/tbhayward/Desktop/dvcs cross sections/elec_sec3/output/dvcs_current_dependence/epg/period_summary.csv,Sp18 Out,data,current_efficiency_factor,0.542716611407,0.0522168630633
S3,/Users/tbhayward/Desktop/dvcs cross sections/elec_sec3/output/dvcs_current_dependence/epg/period_summary.csv,Sp18 Out,mc,current_efficiency_factor,0.775163102666,0.00167426892148
S3,/Users/tbhayward/Desktop/dvcs cross sections/elec_sec3/output/dvcs_current_dependence/epg/period_summary.csv,Sp18 Out,data,slope_percent_per_nA,-1.0229176008,0.116806229175
S3,/Users/tbhayward/Desktop/dvcs cross sections/elec_sec3/output/dvcs_current_dependence/epg/period_summary.csv,Sp18 Out,mc,slope_percent_per_nA,-0.4996375496308108,0.003720597603277109
S3,/Users/tbhayward/Desktop/dvcs cross sections/elec_sec3/output/dvcs_current_dependence/epg/period_summary.csv,Fa18 Inb,data,current_efficiency_factor,0.901349251954,0.0463276196271
S3,/Users/tbhayward/Desktop/dvcs cross sections/elec_sec3/output/dvcs_current_dependence/epg/period_summary.csv,Fa18 Inb,mc,current_efficiency_factor,0.834033253778,0.00216505233833
S3,/Users/tbhayward/Desktop/dvcs cross sections/elec_sec3/output/dvcs_current_dependence/epg/period_summary.csv,Fa18 Inb,data,slope_percent_per_nA,-0.208766875735,0.0980395242948
S3,/Users/tbhayward/Desktop/dvcs cross sections/elec_sec3/output/dvcs_current_dependence/epg/period_summary.csv,Fa18 Inb,mc,slope_percent_per_nA,-0.3319334924441523,0.004330104676660444
S3,/Users/tbhayward/Desktop/dvcs cross sections/elec_sec3/output/dvcs_current_dependence/epg/period_summary.csv,Fa18 Out,data,current_efficiency_factor,0.812586659048,0.0208472319854
S3,/Users/tbhayward/Desktop/dvcs cross sections/elec_sec3/output/dvcs_current_dependence/epg/period_summary.csv,Fa18 Out,mc,current_efficiency_factor,0.838539851288,0.00124248262548
S3,/Users/tbhayward/Desktop/dvcs cross sections/elec_sec3/output/dvcs_current_dependence/epg/period_summary.csv,Fa18 Out,data,slope_percent_per_nA,-0.404826563796,0.0450315502964
S3,/Users/tbhayward/Desktop/dvcs cross sections/elec_sec3/output/dvcs_current_dependence/epg/period_summary.csv,Fa18 Out,mc,slope_percent_per_nA,-0.32292029742246553,0.002484965250965432
S3,/Users/tbhayward/Desktop/dvcs cross sections/elec_sec3/output/dvcs_current_dependence/epg/period_summary.csv,Sp19 Inb,data,current_efficiency_factor,0.901349251954,0.0463276196271
S3,/Users/tbhayward/Desktop/dvcs cross sections/elec_sec3/output/dvcs_current_dependence/epg/period_summary.csv,Sp19 Inb,mc,current_efficiency_factor,0.834033253778,0.00216505233833
S3,/Users/tbhayward/Desktop/dvcs cross sections/elec_sec3/output/dvcs_current_dependence/epg/period_summary.csv,Sp19 Inb,data,slope_percent_per_nA,0.0,0.0
S3,/Users/tbhayward/Desktop/dvcs cross sections/elec_sec3/output/dvcs_current_dependence/epg/period_summary.csv,Sp19 Inb,mc,slope_percent_per_nA,-0.3389124246160713,0.004259262190025581
S4,/Users/tbhayward/Desktop/dvcs cross sections/elec_sec4/output/dvcs_current_dependence/epg/period_summary.csv,Sp18 Inb,data,current_efficiency_factor,0.631245566846,0.0266392871856
S4,/Users/tbhayward/Desktop/dvcs cross sections/elec_sec4/output/dvcs_current_dependence/epg/period_summary.csv,Sp18 Inb,mc,current_efficiency_factor,0.864238808,0.00249761849815
S4,/Users/tbhayward/Desktop/dvcs cross sections/elec_sec4/output/dvcs_current_dependence/epg/period_summary.csv,Sp18 Inb,data,slope_percent_per_nA,-0.75457045243,0.0545111249569
S4,/Users/tbhayward/Desktop/dvcs cross sections/elec_sec4/output/dvcs_current_dependence/epg/period_summary.csv,Sp18 Inb,mc,slope_percent_per_nA,-0.2715223839988345,0.004995236996308125
S4,/Users/tbhayward/Desktop/dvcs cross sections/elec_sec4/output/dvcs_current_dependence/epg/period_summary.csv,Sp18 Out,data,current_efficiency_factor,0.834413971569,0.122711822628
S4,/Users/tbhayward/Desktop/dvcs cross sections/elec_sec4/output/dvcs_current_dependence/epg/period_summary.csv,Sp18 Out,mc,current_efficiency_factor,0.774378983258,0.00169901969417
S4,/Users/tbhayward/Desktop/dvcs cross sections/elec_sec4/output/dvcs_current_dependence/epg/period_summary.csv,Sp18 Out,data,slope_percent_per_nA,-0.369998056979,0.274196660012
S4,/Users/tbhayward/Desktop/dvcs cross sections/elec_sec4/output/dvcs_current_dependence/epg/period_summary.csv,Sp18 Out,mc,slope_percent_per_nA,-0.5013800372055194,0.0037755993203952842
S4,/Users/tbhayward/Desktop/dvcs cross sections/elec_sec4/output/dvcs_current_dependence/epg/period_summary.csv,Fa18 Inb,data,current_efficiency_factor,0.936569290352,0.0491062492499
S4,/Users/tbhayward/Desktop/dvcs cross sections/elec_sec4/output/dvcs_current_dependence/epg/period_summary.csv,Fa18 Inb,mc,current_efficiency_factor,0.836085042374,0.00223509023876
S4,/Users/tbhayward/Desktop/dvcs cross sections/elec_sec4/output/dvcs_current_dependence/epg/period_summary.csv,Fa18 Inb,data,slope_percent_per_nA,-0.134189400117,0.103885612591
S4,/Users/tbhayward/Desktop/dvcs cross sections/elec_sec4/output/dvcs_current_dependence/epg/period_summary.csv,Fa18 Inb,mc,slope_percent_per_nA,-0.327829915252703,0.004470180477521222
S4,/Users/tbhayward/Desktop/dvcs cross sections/elec_sec4/output/dvcs_current_dependence/epg/period_summary.csv,Fa18 Out,data,current_efficiency_factor,0.80857603626,0.0209226366897
S4,/Users/tbhayward/Desktop/dvcs cross sections/elec_sec4/output/dvcs_current_dependence/epg/period_summary.csv,Fa18 Out,mc,current_efficiency_factor,0.83524150841,0.00124191801651
S4,/Users/tbhayward/Desktop/dvcs cross sections/elec_sec4/output/dvcs_current_dependence/epg/period_summary.csv,Fa18 Out,data,slope_percent_per_nA,-0.413517024345,0.0451974052585
S4,/Users/tbhayward/Desktop/dvcs cross sections/elec_sec4/output/dvcs_current_dependence/epg/period_summary.csv,Fa18 Out,mc,slope_percent_per_nA,-0.32951698317900335,0.00248383603301083
S4,/Users/tbhayward/Desktop/dvcs cross sections/elec_sec4/output/dvcs_current_dependence/epg/period_summary.csv,Sp19 Inb,data,current_efficiency_factor,0.936569290352,0.0491062492499
S4,/Users/tbhayward/Desktop/dvcs cross sections/elec_sec4/output/dvcs_current_dependence/epg/period_summary.csv,Sp19 Inb,mc,current_efficiency_factor,0.836085042374,0.00223509023876
S4,/Users/tbhayward/Desktop/dvcs cross sections/elec_sec4/output/dvcs_current_dependence/epg/period_summary.csv,Sp19 Inb,data,slope_percent_per_nA,0.0,0.0
S4,/Users/tbhayward/Desktop/dvcs cross sections/elec_sec4/output/dvcs_current_dependence/epg/period_summary.csv,Sp19 Inb,mc,slope_percent_per_nA,-0.3650609655317446,0.004282335049842299
S5,/Users/tbhayward/Desktop/dvcs cross sections/elec_sec2/output/dvcs_current_dependence/epg/period_summary.csv,Sp18 Inb,data,current_efficiency_factor,0.643557370333,0.0296053657014
S5,/Users/tbhayward/Desktop/dvcs cross sections/elec_sec2/output/dvcs_current_dependence/epg/period_summary.csv,Sp18 Inb,mc,current_efficiency_factor,0.866242061583,0.00262867032436
S5,/Users/tbhayward/Desktop/dvcs cross sections/elec_sec2/output/dvcs_current_dependence/epg/period_summary.csv,Sp18 Inb,data,slope_percent_per_nA,-0.729250415615,0.0605699864305
S5,/Users/tbhayward/Desktop/dvcs cross sections/elec_sec2/output/dvcs_current_dependence/epg/period_summary.csv,Sp18 Inb,mc,slope_percent_per_nA,-0.2675158768334752,0.005257340648706214
S5,/Users/tbhayward/Desktop/dvcs cross sections/elec_sec2/output/dvcs_current_dependence/epg/period_summary.csv,Sp18 Out,data,current_efficiency_factor,0.730885774523,0.101979887012
S5,/Users/tbhayward/Desktop/dvcs cross sections/elec_sec2/output/dvcs_current_dependence/epg/period_summary.csv,Sp18 Out,mc,current_efficiency_factor,0.77262948314,0.00183204115154
S5,/Users/tbhayward/Desktop/dvcs cross sections/elec_sec2/output/dvcs_current_dependence/epg/period_summary.csv,Sp18 Out,data,slope_percent_per_nA,-0.60151563951,0.227942231015
S5,/Users/tbhayward/Desktop/dvcs cross sections/elec_sec2/output/dvcs_current_dependence/epg/period_summary.csv,Sp18 Out,mc,slope_percent_per_nA,-0.5052678152446655,0.004071202558974406
S5,/Users/tbhayward/Desktop/dvcs cross sections/elec_sec2/output/dvcs_current_dependence/epg/period_summary.csv,Fa18 Inb,data,current_efficiency_factor,0.810342637384,0.0394974981379
S5,/Users/tbhayward/Desktop/dvcs cross sections/elec_sec2/output/dvcs_current_dependence/epg/period_summary.csv,Fa18 Inb,mc,current_efficiency_factor,0.829974567266,0.00240763262852
S5,/Users/tbhayward/Desktop/dvcs cross sections/elec_sec2/output/dvcs_current_dependence/epg/period_summary.csv,Fa18 Inb,data,slope_percent_per_nA,-0.401731546332,0.0836634591157
S5,/Users/tbhayward/Desktop/dvcs cross sections/elec_sec2/output/dvcs_current_dependence/epg/period_summary.csv,Fa18 Inb,mc,slope_percent_per_nA,-0.340050865468361,0.004815265257037592
S5,/Users/tbhayward/Desktop/dvcs cross sections/elec_sec2/output/dvcs_current_dependence/epg/period_summary.csv,Fa18 Out,data,current_efficiency_factor,0.850926940092,0.023530760489
S5,/Users/tbhayward/Desktop/dvcs cross sections/elec_sec2/output/dvcs_current_dependence/epg/period_summary.csv,Fa18 Out,mc,current_efficiency_factor,0.831513798469,0.00132373208596
S5,/Users/tbhayward/Desktop/dvcs cross sections/elec_sec2/output/dvcs_current_dependence/epg/period_summary.csv,Fa18 Out,data,slope_percent_per_nA,-0.321816515313,0.0507978258977
S5,/Users/tbhayward/Desktop/dvcs cross sections/elec_sec2/output/dvcs_current_dependence/epg/period_summary.csv,Fa18 Out,mc,slope_percent_per_nA,-0.3369724030623682,0.0026474641719141136
S5,/Users/tbhayward/Desktop/dvcs cross sections/elec_sec2/output/dvcs_current_dependence/epg/period_summary.csv,Sp19 Inb,data,current_efficiency_factor,0.810342637384,0.0394974981379
S5,/Users/tbhayward/Desktop/dvcs cross sections/elec_sec2/output/dvcs_current_dependence/epg/period_summary.csv,Sp19 Inb,mc,current_efficiency_factor,0.829974567266,0.00240763262852
S5,/Users/tbhayward/Desktop/dvcs cross sections/elec_sec2/output/dvcs_current_dependence/epg/period_summary.csv,Sp19 Inb,data,slope_percent_per_nA,0.0,0.0
S5,/Users/tbhayward/Desktop/dvcs cross sections/elec_sec2/output/dvcs_current_dependence/epg/period_summary.csv,Sp19 Inb,mc,slope_percent_per_nA,-0.33341653693104556,0.004753175829707931
S6,/Users/tbhayward/Desktop/dvcs cross sections/elec_sec2/output/dvcs_current_dependence/epg/period_summary.csv,Sp18 Inb,data,current_efficiency_factor,0.643557370333,0.0296053657014
S6,/Users/tbhayward/Desktop/dvcs cross sections/elec_sec2/output/dvcs_current_dependence/epg/period_summary.csv,Sp18 Inb,mc,current_efficiency_factor,0.866242061583,0.00262867032436
S6,/Users/tbhayward/Desktop/dvcs cross sections/elec_sec2/output/dvcs_current_dependence/epg/period_summary.csv,Sp18 Inb,data,slope_percent_per_nA,-0.729250415615,0.0605699864305
S6,/Users/tbhayward/Desktop/dvcs cross sections/elec_sec2/output/dvcs_current_dependence/epg/period_summary.csv,Sp18 Inb,mc,slope_percent_per_nA,-0.2675158768334752,0.005257340648706214
S6,/Users/tbhayward/Desktop/dvcs cross sections/elec_sec2/output/dvcs_current_dependence/epg/period_summary.csv,Sp18 Out,data,current_efficiency_factor,0.730885774523,0.101979887012
S6,/Users/tbhayward/Desktop/dvcs cross sections/elec_sec2/output/dvcs_current_dependence/epg/period_summary.csv,Sp18 Out,mc,current_efficiency_factor,0.77262948314,0.00183204115154
S6,/Users/tbhayward/Desktop/dvcs cross sections/elec_sec2/output/dvcs_current_dependence/epg/period_summary.csv,Sp18 Out,data,slope_percent_per_nA,-0.60151563951,0.227942231015
S6,/Users/tbhayward/Desktop/dvcs cross sections/elec_sec2/output/dvcs_current_dependence/epg/period_summary.csv,Sp18 Out,mc,slope_percent_per_nA,-0.5052678152446655,0.004071202558974406
S6,/Users/tbhayward/Desktop/dvcs cross sections/elec_sec2/output/dvcs_current_dependence/epg/period_summary.csv,Fa18 Inb,data,current_efficiency_factor,0.810342637384,0.0394974981379
S6,/Users/tbhayward/Desktop/dvcs cross sections/elec_sec2/output/dvcs_current_dependence/epg/period_summary.csv,Fa18 Inb,mc,current_efficiency_factor,0.829974567266,0.00240763262852
S6,/Users/tbhayward/Desktop/dvcs cross sections/elec_sec2/output/dvcs_current_dependence/epg/period_summary.csv,Fa18 Inb,data,slope_percent_per_nA,-0.401731546332,0.0836634591157
S6,/Users/tbhayward/Desktop/dvcs cross sections/elec_sec2/output/dvcs_current_dependence/epg/period_summary.csv,Fa18 Inb,mc,slope_percent_per_nA,-0.340050865468361,0.004815265257037592
S6,/Users/tbhayward/Desktop/dvcs cross sections/elec_sec2/output/dvcs_current_dependence/epg/period_summary.csv,Fa18 Out,data,current_efficiency_factor,0.850926940092,0.023530760489
S6,/Users/tbhayward/Desktop/dvcs cross sections/elec_sec2/output/dvcs_current_dependence/epg/period_summary.csv,Fa18 Out,mc,current_efficiency_factor,0.831513798469,0.00132373208596
S6,/Users/tbhayward/Desktop/dvcs cross sections/elec_sec2/output/dvcs_current_dependence/epg/period_summary.csv,Fa18 Out,data,slope_percent_per_nA,-0.321816515313,0.0507978258977
S6,/Users/tbhayward/Desktop/dvcs cross sections/elec_sec2/output/dvcs_current_dependence/epg/period_summary.csv,Fa18 Out,mc,slope_percent_per_nA,-0.3369724030623682,0.0026474641719141136
S6,/Users/tbhayward/Desktop/dvcs cross sections/elec_sec2/output/dvcs_current_dependence/epg/period_summary.csv,Sp19 Inb,data,current_efficiency_factor,0.810342637384,0.0394974981379
S6,/Users/tbhayward/Desktop/dvcs cross sections/elec_sec2/output/dvcs_current_dependence/epg/period_summary.csv,Sp19 Inb,mc,current_efficiency_factor,0.829974567266,0.00240763262852
S6,/Users/tbhayward/Desktop/dvcs cross sections/elec_sec2/output/dvcs_current_dependence/epg/period_summary.csv,Sp19 Inb,data,slope_percent_per_nA,0.0,0.0
S6,/Users/tbhayward/Desktop/dvcs cross sections/elec_sec2/output/dvcs_current_dependence/epg/period_summary.csv,Sp19 Inb,mc,slope_percent_per_nA,-0.33341653693104556,0.004753175829707931
